0,1408390740.93619656562805175781,8192
1,1408390740.94408679008483886719,8192
2,1408390740.95248675346374511719,8192
3,1408390740.96081304550170898438,8192
4,1408390740.96914982795715332031,8192
5,1408390740.9774646759033203125,8192
6,1408390740.98584532737731933594,8192
7,1408390740.99415731430053710938,8192
8,1408390741.00247216224670410156,8192
9,1408390741.01103067398071289062,8192
10,1408390741.01922845840454101562,8192
11,1408390741.02757239341735839844,8192
12,1408390741.03595733642578125,8192
13,1408390741.04424071311950683594,8192
14,1408390741.05264616012573242188,8192
15,1408390741.06093072891235351562,8192
16,1408390741.06924366950988769531,8192
17,1408390741.07765078544616699219,8192
18,1408390741.08594846725463867188,8192
19,1408390741.09424805641174316406,8192
20,1408390741.10266971588134765625,8192
21,1408390741.11096429824829101562,8192
22,1408390741.11930775642395019531,8192
23,1408390741.12768197059631347656,8192
24,1408390741.13596510887145996094,8192
25,1408390741.14429020881652832031,8192
26,1408390741.15265202522277832031,8192
27,1408390741.16094946861267089844,8192
28,1408390741.16929507255554199219,8192
29,1408390741.17733740806579589844,8192
30,1408390741.18537187576293945312,8192
31,1408390741.19334435462951660156,8192
32,1408390741.20131564140319824219,8192
33,1408390741.209316253662109375,8192
34,1408390741.21731328964233398438,8192
35,1408390741.22527360916137695312,8192
36,1408390741.233287811279296875,8192
37,1408390741.2412319183349609375,8192
38,1408390741.24924254417419433594,8192
39,1408390741.25722289085388183594,8192
40,1408390741.26520514488220214844,8192
41,1408390741.273273468017578125,8192
42,1408390741.2812519073486328125,8192
43,1408390741.28924226760864257812,8192
44,1408390741.29721045494079589844,8192
45,1408390741.30521249771118164062,8192
46,1408390741.31317186355590820312,8192
47,1408390741.32116961479187011719,8192
48,1408390741.32916307449340820312,8192
49,1408390741.33719015121459960938,8192
50,1408390741.34519886970520019531,8192
51,1408390741.35317778587341308594,8192
52,1408390741.36116933822631835938,8192
53,1408390741.36915135383605957031,8192
54,1408390741.37720417976379394531,8192
55,1408390741.38513612747192382812,8192
56,1408390741.39312505722045898438,8192
57,1408390741.40111255645751953125,8192
58,1408390741.40916657447814941406,8192
59,1408390741.41710686683654785156,8192
60,1408390741.42508745193481445312,8192
61,1408390741.43308138847351074219,8192
62,1408390741.44105458259582519531,8192
63,1408390741.44909334182739257812,8192
64,1408390741.45705485343933105469,8192
65,1408390741.46503615379333496094,8192
66,1408390741.47302508354187011719,8192
67,1408390741.48102688789367675781,8192
68,1408390741.48899483680725097656,8192
69,1408390741.49700450897216796875,8192
70,1408390741.50500774383544921875,8192
71,1408390741.51299691200256347656,8192
72,1408390741.52097940444946289062,8192
73,1408390741.528957366943359375,8192
74,1408390741.53692197799682617188,8192
75,1408390741.54493808746337890625,8192
76,1408390741.55292606353759765625,8192
77,1408390741.56088232994079589844,8192
78,1408390741.56890439987182617188,8192
79,1408390741.57687640190124511719,8192
80,1408390741.58484339714050292969,8192
81,1408390741.59286141395568847656,8192
82,1408390741.60084652900695800781,8192
83,1408390741.60882139205932617188,8192
84,1408390741.61683630943298339844,8192
85,1408390741.62481403350830078125,8192
86,1408390741.63278841972351074219,8192
87,1408390741.64077067375183105469,8192
88,1408390741.64877033233642578125,8192
89,1408390741.65675616264343261719,8192
90,1408390741.66474986076354980469,8192
91,1408390741.67274808883666992188,8192
92,1408390741.68070483207702636719,8192
93,1408390741.68870592117309570312,8192
94,1408390741.69668221473693847656,8192
95,1408390741.70468926429748535156,8192
96,1408390741.71265435218811035156,8192
97,1408390741.72065615653991699219,8192
98,1408390741.72867465019226074219,8192
99,1408390741.73665499687194824219,8192
100,1408390741.74461317062377929688,8192
101,1408390741.75260448455810546875,8192
102,1408390741.76059746742248535156,8192
103,1408390741.76859974861145019531,8192
104,1408390741.77657628059387207031,8192
105,1408390741.78456759452819824219,8192
106,1408390741.79251503944396972656,8192
107,1408390741.8005428314208984375,8192
108,1408390741.80853533744812011719,8192
109,1408390741.81658530235290527344,8192
110,1408390741.82455778121948242188,8192
111,1408390741.8325519561767578125,8192
112,1408390741.84050226211547851562,8192
113,1408390741.84848117828369140625,8192
114,1408390741.85651755332946777344,8192
115,1408390741.86455082893371582031,8192
116,1408390741.87252211570739746094,8192
117,1408390741.88053393363952636719,8192
118,1408390741.88850235939025878906,8192
119,1408390741.89646387100219726562,8192
120,1408390741.90446519851684570312,8192
121,1408390741.91243290901184082031,8192
122,1408390741.92045879364013671875,8192
123,1408390741.92843890190124511719,8192
124,1408390741.93641591072082519531,8192
125,1408390741.94447255134582519531,8192
126,1408390741.95242643356323242188,8192
127,1408390741.96040487289428710938,8192
128,1408390741.96844887733459472656,8192
129,1408390741.97640824317932128906,8192
130,1408390741.98438191413879394531,8192
131,1408390741.99240326881408691406,8192
132,1408390742.00037479400634765625,8192
133,1408390742.00836730003356933594,8192
134,1408390742.01643013954162597656,8192
135,1408390742.02440595626831054688,8192
136,1408390742.03235888481140136719,8192
137,1408390742.04035091400146484375,8192
138,1408390742.0483684539794921875,8192
139,1408390742.05631613731384277344,8192
140,1408390742.06435656547546386719,8192
141,1408390742.07232761383056640625,8192
142,1408390742.08033800125122070312,8192
143,1408390742.08826971054077148438,8192
144,1408390742.09624576568603515625,8192
145,1408390742.10422348976135253906,8192
146,1408390742.11224007606506347656,8192
147,1408390742.12021493911743164062,8192
148,1408390742.12823796272277832031,8192
149,1408390742.13619756698608398438,8192
150,1408390742.14419674873352050781,8192
151,1408390742.15215396881103515625,8192
152,1408390742.16015148162841796875,8192
153,1408390742.16821265220642089844,8192
154,1408390742.17618680000305175781,8192
155,1408390742.18380188941955566406,8192
156,1408390742.19128632545471191406,8192
157,1408390742.19889044761657714844,8192
158,1408390742.20659422874450683594,8192
159,1408390742.21421480178833007812,8192
160,1408390742.22180247306823730469,8192
161,1408390742.22945427894592285156,8192
162,1408390742.23711633682250976562,8192
163,1408390742.24471235275268554688,8192
164,1408390742.25237059593200683594,8192
165,1408390742.26004862785339355469,8192
166,1408390742.26767778396606445312,8192
167,1408390742.27527976036071777344,8192
168,1408390742.28291153907775878906,8192
169,1408390742.29051804542541503906,8192
170,1408390742.29823851585388183594,8192
171,1408390742.30582189559936523438,8192
172,1408390742.31347751617431640625,8192
173,1408390742.32106804847717285156,8192
174,1408390742.32876634597778320312,8192
175,1408390742.33635663986206054688,8192
176,1408390742.34398174285888671875,8192
177,1408390742.3516750335693359375,8192
178,1408390742.35924458503723144531,8192
179,1408390742.36692833900451660156,8192
180,1408390742.37456274032592773438,8192
181,1408390742.38218712806701660156,8192
182,1408390742.38981795310974121094,8192
183,1408390742.39755892753601074219,8192
184,1408390742.40519213676452636719,8192
185,1408390742.41279363632202148438,8192
186,1408390742.4204769134521484375,8192
187,1408390742.42807984352111816406,8192
188,1408390742.43577718734741210938,8192
189,1408390742.44337177276611328125,8192
190,1408390742.45097851753234863281,8192
191,1408390742.45862555503845214844,8192
192,1408390742.46633005142211914062,8192
193,1408390742.47387218475341796875,8192
194,1408390742.48148298263549804688,8192
195,1408390742.48914361000061035156,8192
196,1408390742.49680733680725097656,8192
197,1408390742.50439405441284179688,8192
198,1408390742.51209187507629394531,8192
199,1408390742.51979136466979980469,8192
200,1408390742.52733874320983886719,8192
201,1408390742.53494906425476074219,8192
202,1408390742.54263925552368164062,8192
203,1408390742.55021357536315917969,8192
204,1408390742.55789947509765625,8192
205,1408390742.56547570228576660156,8192
206,1408390742.57311224937438964844,8192
207,1408390742.58079981803894042969,8192
208,1408390742.5883941650390625,8192
209,1408390742.59606218338012695312,8192
210,1408390742.6037693023681640625,8192
211,1408390742.61128711700439453125,8192
212,1408390742.61893773078918457031,8192
213,1408390742.62659668922424316406,8192
214,1408390742.63420510292053222656,8192
215,1408390742.641876220703125,8192
216,1408390742.64948296546936035156,8192
217,1408390742.65710520744323730469,8192
218,1408390742.66475915908813476562,8192
219,1408390742.67237639427185058594,8192
220,1408390742.680042266845703125,8192
221,1408390742.68770360946655273438,8192
222,1408390742.6952915191650390625,8192
223,1408390742.70297789573669433594,8192
224,1408390742.71056842803955078125,8192
225,1408390742.71819162368774414062,8192
226,1408390742.725818634033203125,8192
227,1408390742.73346376419067382812,8192
228,1408390742.74109721183776855469,8192
229,1408390742.74877023696899414062,8192
230,1408390742.75639200210571289062,8192
231,1408390742.76402878761291503906,8192
232,1408390742.77166461944580078125,8192
233,1408390742.77926874160766601562,8192
234,1408390742.78690195083618164062,8192
235,1408390742.79454755783081054688,8192
236,1408390742.80219030380249023438,8192
237,1408390742.80983304977416992188,8192
238,1408390742.81751942634582519531,8192
239,1408390742.82510972023010253906,8192
240,1408390742.83279442787170410156,8192
241,1408390742.84036755561828613281,8192
242,1408390742.84801983833312988281,8192
243,1408390742.85573363304138183594,8192
244,1408390742.86324644088745117188,8192
245,1408390742.8709545135498046875,8192
246,1408390742.87856030464172363281,8192
247,1408390742.88622736930847167969,8192
248,1408390742.89383172988891601562,8192
249,1408390742.90147542953491210938,8192
250,1408390742.90911746025085449219,8192
251,1408390742.91674542427062988281,8192
252,1408390742.92439365386962890625,8192
253,1408390742.93212962150573730469,8192
254,1408390742.93985271453857421875,8192
255,1408390742.94743180274963378906,8192
256,1408390742.95504617691040039062,8192
257,1408390742.96280407905578613281,8192
258,1408390742.97035646438598632812,8192
259,1408390742.97796654701232910156,8192
260,1408390742.9856281280517578125,8192
261,1408390742.99327015876770019531,8192
262,1408390743.00094699859619140625,8192
263,1408390743.00853514671325683594,8192
264,1408390743.01619100570678710938,8192
265,1408390743.02390074729919433594,8192
266,1408390743.03147387504577636719,8192
267,1408390743.03912997245788574219,8192
268,1408390743.04685807228088378906,8192
269,1408390743.05437397956848144531,8192
270,1408390743.06204271316528320312,8192
271,1408390743.06964731216430664062,8192
272,1408390743.07726550102233886719,8192
273,1408390743.08491659164428710938,8192
274,1408390743.0925579071044921875,8192
275,1408390743.10021066665649414062,8192
276,1408390743.10789442062377929688,8192
277,1408390743.11548519134521484375,8192
278,1408390743.123126983642578125,8192
279,1408390743.13088655471801757812,8192
280,1408390743.13840484619140625,8192
281,1408390743.14603400230407714844,8192
282,1408390743.15372467041015625,8192
283,1408390743.16132831573486328125,8192
284,1408390743.16899442672729492188,8192
285,1408390751.17873549461364746094,8192
286,1408390751.18910980224609375,8192
287,1408390751.19953560829162597656,8192
288,1408390751.21000790596008300781,8192
289,1408390751.22045850753784179688,8192
290,1408390751.23098492622375488281,8192
291,1408390751.24144458770751953125,8192
292,1408390751.25194239616394042969,8192
293,1408390751.26237988471984863281,8192
294,1408390751.27283740043640136719,8192
295,1408390751.28327894210815429688,8192
296,1408390751.2937488555908203125,8192
297,1408390751.30424284934997558594,8192
298,1408390751.31478476524353027344,8192
299,1408390751.32521319389343261719,8192
300,1408390751.33557581901550292969,8192
301,1408390751.3460826873779296875,8192
302,1408390751.35657858848571777344,8192
303,1408390751.36701178550720214844,8192
304,1408390751.37745141983032226562,8192
305,1408390751.387939453125,8192
306,1408390751.39842152595520019531,8192
307,1408390751.40888833999633789062,8192
308,1408390751.41929960250854492188,8192
309,1408390751.42977213859558105469,8192
310,1408390751.44024777412414550781,8192
311,1408390751.45073485374450683594,8192
312,1408390751.46118760108947753906,8192
313,1408390751.47166204452514648438,8192
314,1408390751.482067108154296875,8192
315,1408390751.49257707595825195312,8192
316,1408390751.50304365158081054688,8192
317,1408390751.51350760459899902344,8192
318,1408390751.52398037910461425781,8192
319,1408390751.53439545631408691406,8192
320,1408390751.54484653472900390625,8192
321,1408390751.5553188323974609375,8192
322,1408390751.56575179100036621094,8192
323,1408390751.57624936103820800781,8192
324,1408390751.58684873580932617188,8192
325,1408390751.59720778465270996094,8192
326,1408390751.60772609710693359375,8192
327,1408390751.618194580078125,8192
328,1408390751.6286296844482421875,8192
329,1408390751.63911080360412597656,8192
330,1408390751.64959788322448730469,8192
331,1408390751.66004967689514160156,8192
332,1408390751.6704807281494140625,8192
333,1408390751.68098664283752441406,8192
334,1408390751.69145178794860839844,8192
335,1408390751.70198130607604980469,8192
336,1408390751.71244025230407714844,8192
337,1408390751.72297978401184082031,8192
338,1408390751.73343420028686523438,8192
339,1408390751.74388647079467773438,8192
340,1408390751.75435781478881835938,8192
341,1408390751.76482367515563964844,8192
342,1408390751.77529263496398925781,8192
343,1408390751.78576064109802246094,8192
344,1408390751.7962207794189453125,8192
345,1408390751.80682992935180664062,8192
346,1408390751.81718230247497558594,8192
347,1408390751.82766413688659667969,8192
348,1408390751.83811688423156738281,8192
349,1408390751.84856462478637695312,8192
350,1408390751.85906505584716796875,8192
351,1408390751.86954355239868164062,8192
352,1408390751.87997698783874511719,8192
353,1408390751.89040589332580566406,8192
354,1408390751.90092158317565917969,8192
355,1408390751.91133832931518554688,8192
356,1408390751.92178225517272949219,8192
357,1408390751.9322643280029296875,8192
358,1408390751.94279599189758300781,8192
359,1408390751.95315790176391601562,8192
360,1408390751.96367287635803222656,8192
361,1408390751.97407650947570800781,8192
362,1408390751.98456835746765136719,8192
363,1408390751.99500775337219238281,8192
364,1408390752.005489349365234375,8192
365,1408390752.01598644256591796875,8192
366,1408390752.02645611763000488281,8192
367,1408390752.03691387176513671875,8192
368,1408390752.04736423492431640625,8192
369,1408390752.05784654617309570312,8192
370,1408390752.06827139854431152344,8192
371,1408390752.07885575294494628906,8192
372,1408390752.08923387527465820312,8192
373,1408390752.09969806671142578125,8192
374,1408390752.11013889312744140625,8192
375,1408390752.12062382698059082031,8192
376,1408390752.13104748725891113281,8192
377,1408390752.14152312278747558594,8192
378,1408390752.15199732780456542969,8192
379,1408390752.16246724128723144531,8192
380,1408390752.17280983924865722656,8192
381,1408390752.18273472785949707031,8192
382,1408390752.19255542755126953125,8192
383,1408390752.2023563385009765625,8192
384,1408390752.21218442916870117188,8192
385,1408390752.22205090522766113281,8192
386,1408390752.2318477630615234375,8192
387,1408390752.24168062210083007812,8192
388,1408390752.2515048980712890625,8192
389,1408390752.2613353729248046875,8192
390,1408390752.27119588851928710938,8192
391,1408390752.28097319602966308594,8192
392,1408390752.29090642929077148438,8192
393,1408390752.30074667930603027344,8192
394,1408390752.31055140495300292969,8192
395,1408390752.32039546966552734375,8192
396,1408390752.33024930953979492188,8192
397,1408390752.34007477760314941406,8192
398,1408390752.34989809989929199219,8192
399,1408390752.35978031158447265625,8192
400,1408390752.36956858634948730469,8192
401,1408390752.37939047813415527344,8192
402,1408390752.389225006103515625,8192
403,1408390752.3990936279296875,8192
404,1408390752.40892243385314941406,8192
405,1408390752.41882252693176269531,8192
406,1408390752.42853641510009765625,8192
407,1408390752.43836522102355957031,8192
408,1408390752.44822335243225097656,8192
409,1408390752.45800852775573730469,8192
410,1408390752.46787142753601074219,8192
411,1408390752.47769713401794433594,8192
412,1408390752.48750066757202148438,8192
413,1408390752.49734902381896972656,8192
414,1408390752.50716185569763183594,8192
415,1408390752.51701068878173828125,8192
416,1408390752.526950836181640625,8192
417,1408390752.53680062294006347656,8192
418,1408390752.54664444923400878906,8192
419,1408390752.55644178390502929688,8192
420,1408390752.56627631187438964844,8192
421,1408390752.57608652114868164062,8192
422,1408390752.5859222412109375,8192
423,1408390752.59586334228515625,8192
424,1408390752.60557532310485839844,8192
425,1408390752.61539530754089355469,8192
426,1408390752.62533330917358398438,8192
427,1408390752.63507795333862304688,8192
428,1408390752.64489054679870605469,8192
429,1408390752.654872894287109375,8192
430,1408390752.664608001708984375,8192
431,1408390752.67440867424011230469,8192
432,1408390752.68426609039306640625,8192
433,1408390752.69406270980834960938,8192
434,1408390752.70394420623779296875,8192
435,1408390752.71375131607055664062,8192
436,1408390752.72356271743774414062,8192
437,1408390752.73338747024536132812,8192
438,1408390752.74322199821472167969,8192
439,1408390752.75304079055786132812,8192
440,1408390752.76295948028564453125,8192
441,1408390752.7727909088134765625,8192
442,1408390752.78270554542541503906,8192
443,1408390752.79250502586364746094,8192
444,1408390752.80231952667236328125,8192
445,1408390752.81215023994445800781,8192
446,1408390752.82195615768432617188,8192
447,1408390752.83186030387878417969,8192
448,1408390752.8416385650634765625,8192
449,1408390752.85150432586669921875,8192
450,1408390752.86135506629943847656,8192
451,1408390752.87117791175842285156,8192
452,1408390752.88098621368408203125,8192
453,1408390752.8909149169921875,8192
454,1408390752.90077447891235351562,8192
455,1408390752.91054224967956542969,8192
456,1408390752.92038726806640625,8192
457,1408390752.93022775650024414062,8192
458,1408390752.94009661674499511719,8192
459,1408390752.94989776611328125,8192
460,1408390752.95975136756896972656,8192
461,1408390752.96951413154602050781,8192
462,1408390752.97942256927490234375,8192
463,1408390752.98922657966613769531,8192
464,1408390752.99905323982238769531,8192
465,1408390753.00886297225952148438,8192
466,1408390753.01876521110534667969,8192
467,1408390753.02850985527038574219,8192
468,1408390753.038341522216796875,8192
469,1408390753.04814267158508300781,8192
470,1408390753.05805373191833496094,8192
471,1408390753.06782460212707519531,8192
472,1408390753.07766175270080566406,8192
473,1408390753.087474822998046875,8192
474,1408390753.09731769561767578125,8192
475,1408390753.1071453094482421875,8192
476,1408390753.116962432861328125,8192
477,1408390753.12693166732788085938,8192
478,1408390753.13663935661315917969,8192
479,1408390753.14648365974426269531,8192
480,1408390753.15631794929504394531,8192
481,1408390753.1661357879638671875,8192
482,1408390753.17523050308227539062,8192
483,1408390753.18393397331237792969,8192
484,1408390753.19253587722778320312,8192
485,1408390753.20114994049072265625,8192
486,1408390753.20982909202575683594,8192
487,1408390753.21848773956298828125,8192
488,1408390753.22715234756469726562,8192
489,1408390753.23586964607238769531,8192
490,1408390753.24451994895935058594,8192
491,1408390753.25317335128784179688,8192
492,1408390753.26186227798461914062,8192
493,1408390753.27054691314697265625,8192
494,1408390753.27920603752136230469,8192
495,1408390753.2878932952880859375,8192
496,1408390753.29655051231384277344,8192
497,1408390753.30521416664123535156,8192
498,1408390753.31390309333801269531,8192
499,1408390753.32264995574951171875,8192
500,1408390753.33123326301574707031,8192
501,1408390753.33991789817810058594,8192
502,1408390753.348598480224609375,8192
503,1408390753.35724925994873046875,8192
504,1408390753.365940093994140625,8192
505,1408390753.37455987930297851562,8192
506,1408390753.38325262069702148438,8192
507,1408390753.39192533493041992188,8192
508,1408390753.40058350563049316406,8192
509,1408390753.409313201904296875,8192
510,1408390753.41797113418579101562,8192
511,1408390753.42665004730224609375,8192
512,1408390753.4352779388427734375,8192
513,1408390753.44398784637451171875,8192
514,1408390753.45266056060791015625,8192
515,1408390753.46135783195495605469,8192
516,1408390753.47005939483642578125,8192
517,1408390753.47872281074523925781,8192
518,1408390753.4873867034912109375,8192
519,1408390753.49604177474975585938,8192
520,1408390753.50464630126953125,8192
521,1408390753.5133514404296875,8192
522,1408390753.52202296257019042969,8192
523,1408390753.5307674407958984375,8192
524,1408390753.5393543243408203125,8192
525,1408390753.54803013801574707031,8192
526,1408390753.55671167373657226562,8192
527,1408390753.56535840034484863281,8192
528,1408390753.57408833503723144531,8192
529,1408390753.58281731605529785156,8192
530,1408390753.59139490127563476562,8192
531,1408390753.60008907318115234375,8192
532,1408390753.60875940322875976562,8192
533,1408390753.61743497848510742188,8192
534,1408390753.62616515159606933594,8192
535,1408390753.63482618331909179688,8192
536,1408390753.64349675178527832031,8192
537,1408390753.65219378471374511719,8192
538,1408390753.66083002090454101562,8192
539,1408390753.66948962211608886719,8192
540,1408390753.67817258834838867188,8192
541,1408390753.68682456016540527344,8192
542,1408390753.69551372528076171875,8192
543,1408390753.70422792434692382812,8192
544,1408390753.71282410621643066406,8192
545,1408390753.72152090072631835938,8192
546,1408390753.73022890090942382812,8192
547,1408390753.73886537551879882812,8192
548,1408390753.74752855300903320312,8192
549,1408390753.75624322891235351562,8192
550,1408390753.76487755775451660156,8192
551,1408390753.77351236343383789062,8192
552,1408390753.78223872184753417969,8192
553,1408390753.790874481201171875,8192
554,1408390753.79954266548156738281,8192
555,1408390753.8082275390625,8192
556,1408390753.81690907478332519531,8192
557,1408390753.82557272911071777344,8192
558,1408390753.83428359031677246094,8192
559,1408390753.84296107292175292969,8192
560,1408390753.85158061981201171875,8192
561,1408390753.86029791831970214844,8192
562,1408390753.86893534660339355469,8192
563,1408390753.87758708000183105469,8192
564,1408390753.88639545440673828125,8192
565,1408390753.89497017860412597656,8192
566,1408390753.90375590324401855469,8192
567,1408390753.91231822967529296875,8192
568,1408390753.92096042633056640625,8192
569,1408390753.92967915534973144531,8192
570,1408390753.938327789306640625,8192
571,1408390753.94698452949523925781,8192
572,1408390753.9557704925537109375,8192
573,1408390753.96436405181884765625,8192
574,1408390753.97299838066101074219,8192
575,1408390753.98165845870971679688,8192
576,1408390753.99035167694091796875,8192
577,1408390753.99903798103332519531,8192
578,1408390754.0077915191650390625,8192
579,1408390754.01637959480285644531,8192
580,1408390754.02502298355102539062,8192
581,1408390754.03371286392211914062,8192
582,1408390754.04238009452819824219,8192
583,1408390754.05104613304138183594,8192
584,1408390754.05972814559936523438,8192
585,1408390754.0684146881103515625,8192
586,1408390754.07707238197326660156,8192
587,1408390754.08576154708862304688,8192
588,1408390754.09442853927612304688,8192
589,1408390754.10309123992919921875,8192
590,1408390754.11185002326965332031,8192
591,1408390754.12045359611511230469,8192
592,1408390754.12912106513977050781,8192
593,1408390754.13777089118957519531,8192
594,1408390754.14645338058471679688,8192
595,1408390754.15511107444763183594,8192
596,1408390754.1639404296875,8192
597,1408390754.17240810394287109375,8192
598,1408390754.1805286407470703125,8192
599,1408390754.18867158889770507812,8192
600,1408390754.19681382179260253906,8192
601,1408390754.20496606826782226562,8192
602,1408390754.21309947967529296875,8192
603,1408390754.22123694419860839844,8192
604,1408390754.22938394546508789062,8192
605,1408390754.23752236366271972656,8192
606,1408390754.2456817626953125,8192
607,1408390754.25380373001098632812,8192
608,1408390754.26193690299987792969,8192
609,1408390754.27006697654724121094,8192
610,1408390754.27820539474487304688,8192
611,1408390754.2863483428955078125,8192
612,1408390754.29450345039367675781,8192
613,1408390754.30263853073120117188,8192
614,1408390754.31077313423156738281,8192
615,1408390754.31891703605651855469,8192
616,1408390754.32701325416564941406,8192
617,1408390754.33516240119934082031,8192
618,1408390754.3433322906494140625,8192
619,1408390754.35142302513122558594,8192
620,1408390754.35958003997802734375,8192
621,1408390754.36774516105651855469,8192
622,1408390754.37587857246398925781,8192
623,1408390754.38400316238403320312,8192
624,1408390754.39215326309204101562,8192
625,1408390754.40030741691589355469,8192
626,1408390754.40841531753540039062,8192
627,1408390754.41662526130676269531,8192
628,1408390754.42470812797546386719,8192
629,1408390754.43286919593811035156,8192
630,1408390754.44102430343627929688,8192
631,1408390754.44913578033447265625,8192
632,1408390754.45729541778564453125,8192
633,1408390754.46546387672424316406,8192
634,1408390754.47357606887817382812,8192
635,1408390754.48170304298400878906,8192
636,1408390754.48985075950622558594,8192
637,1408390754.49798583984375,8192
638,1408390754.50615000724792480469,8192
639,1408390754.51428699493408203125,8192
640,1408390754.52240085601806640625,8192
641,1408390754.53053712844848632812,8192
642,1408390754.53875112533569335938,8192
643,1408390754.54683208465576171875,8192
644,1408390754.55497121810913085938,8192
645,1408390754.56314158439636230469,8192
646,1408390754.57126784324645996094,8192
647,1408390754.57944321632385253906,8192
648,1408390754.58758139610290527344,8192
649,1408390754.59573769569396972656,8192
650,1408390754.6038684844970703125,8192
651,1408390754.61200356483459472656,8192
652,1408390754.62011837959289550781,8192
653,1408390754.62830090522766113281,8192
654,1408390754.6363983154296875,8192
655,1408390754.64451479911804199219,8192
656,1408390754.65268731117248535156,8192
657,1408390754.66083431243896484375,8192
658,1408390754.66891360282897949219,8192
659,1408390754.67710113525390625,8192
660,1408390754.68524718284606933594,8192
661,1408390754.69335150718688964844,8192
662,1408390754.70155286788940429688,8192
663,1408390754.70967531204223632812,8192
664,1408390754.71776080131530761719,8192
665,1408390754.72595477104187011719,8192
666,1408390754.73408842086791992188,8192
667,1408390754.742259979248046875,8192
668,1408390754.750347137451171875,8192
669,1408390754.75850653648376464844,8192
670,1408390754.7666721343994140625,8192
671,1408390754.77482891082763671875,8192
672,1408390754.7829570770263671875,8192
673,1408390754.79111266136169433594,8192
674,1408390754.79920125007629394531,8192
675,1408390754.80738377571105957031,8192
676,1408390754.815521240234375,8192
677,1408390754.82370591163635253906,8192
678,1408390754.831836700439453125,8192
679,1408390754.839923858642578125,8192
680,1408390754.8480358123779296875,8192
681,1408390754.85619950294494628906,8192
682,1408390754.86431765556335449219,8192
683,1408390754.87245631217956542969,8192
684,1408390754.88060736656188964844,8192
685,1408390754.88875412940979003906,8192
686,1408390754.89685893058776855469,8192
687,1408390754.90504717826843261719,8192
688,1408390754.91315412521362304688,8192
689,1408390754.92131638526916503906,8192
690,1408390754.92949128150939941406,8192
691,1408390754.93756413459777832031,8192
692,1408390754.94574832916259765625,8192
693,1408390754.95383977890014648438,8192
694,1408390754.96203136444091796875,8192
695,1408390754.97011995315551757812,8192
696,1408390754.97827124595642089844,8192
697,1408390754.98644328117370605469,8192
698,1408390754.99453949928283691406,8192
699,1408390755.00283932685852050781,8192
700,1408390755.01091742515563964844,8192
701,1408390755.01906633377075195312,8192
702,1408390755.02722859382629394531,8192
703,1408390755.03533673286437988281,8192
704,1408390755.04346036911010742188,8192
705,1408390755.05171680450439453125,8192
706,1408390755.05974435806274414062,8192
707,1408390755.06788897514343261719,8192
708,1408390755.07607531547546386719,8192
709,1408390755.08417558670043945312,8192
710,1408390755.09231448173522949219,8192
711,1408390755.10050821304321289062,8192
712,1408390755.10857892036437988281,8192
713,1408390755.11675190925598144531,8192
714,1408390755.12489056587219238281,8192
715,1408390755.133014678955078125,8192
716,1408390755.14117670059204101562,8192
717,1408390755.14929890632629394531,8192
718,1408390755.15744805335998535156,8192
719,1408390755.16559314727783203125,8192
720,1408390755.17373013496398925781,8192
721,1408390755.18169856071472167969,8192
722,1408390755.18971729278564453125,8192
723,1408390755.197803497314453125,8192
724,1408390755.20577716827392578125,8192
725,1408390755.21373605728149414062,8192
726,1408390755.22182369232177734375,8192
727,1408390755.22978973388671875,8192
728,1408390755.2378082275390625,8192
729,1408390755.24582052230834960938,8192
730,1408390755.25382161140441894531,8192
731,1408390755.26183748245239257812,8192
732,1408390755.26986956596374511719,8192
733,1408390755.2778568267822265625,8192
734,1408390755.28588700294494628906,8192
735,1408390755.29394125938415527344,8192
736,1408390755.30192208290100097656,8192
737,1408390755.30992722511291503906,8192
738,1408390755.31800580024719238281,8192
739,1408390755.32597303390502929688,8192
740,1408390755.3340053558349609375,8192
741,1408390755.3421459197998046875,8192
742,1408390755.35009074211120605469,8192
743,1408390755.35804057121276855469,8192
744,1408390755.36612153053283691406,8192
745,1408390755.37408351898193359375,8192
746,1408390755.38212037086486816406,8192
747,1408390755.39010477066040039062,8192
748,1408390755.39812684059143066406,8192
749,1408390755.40614175796508789062,8192
750,1408390755.41412305831909179688,8192
751,1408390755.42212724685668945312,8192
752,1408390755.43024897575378417969,8192
753,1408390755.43817281723022460938,8192
754,1408390755.44617605209350585938,8192
755,1408390755.4541759490966796875,8192
756,1408390755.46221518516540527344,8192
757,1408390755.47025132179260253906,8192
758,1408390755.47827577590942382812,8192
759,1408390755.48630023002624511719,8192
760,1408390755.49425768852233886719,8192
761,1408390755.50226426124572753906,8192
762,1408390755.51035976409912109375,8192
763,1408390755.51831078529357910156,8192
764,1408390755.5263080596923828125,8192
765,1408390755.5343647003173828125,8192
766,1408390755.54232263565063476562,8192
767,1408390755.55032324790954589844,8192
768,1408390755.55835175514221191406,8192
769,1408390755.56634092330932617188,8192
770,1408390755.57435750961303710938,8192
771,1408390755.58242869377136230469,8192
772,1408390755.59039258956909179688,8192
773,1408390755.59840178489685058594,8192
774,1408390755.60643315315246582031,8192
775,1408390755.61441087722778320312,8192
776,1408390755.62243247032165527344,8192
777,1408390755.63049650192260742188,8192
778,1408390755.63843941688537597656,8192
779,1408390755.64645624160766601562,8192
780,1408390755.65449476242065429688,8192
781,1408390755.66256356239318847656,8192
782,1408390755.67066216468811035156,8192
783,1408390755.67865419387817382812,8192
784,1408390755.68666577339172363281,8192
785,1408390755.69466304779052734375,8192
786,1408390755.70270228385925292969,8192
787,1408390755.71065664291381835938,8192
788,1408390755.71866583824157714844,8192
789,1408390755.72671651840209960938,8192
790,1408390755.73469209671020507812,8192
791,1408390755.74271941184997558594,8192
792,1408390755.75070357322692871094,8192
793,1408390755.7587261199951171875,8192
794,1408390755.76673173904418945312,8192
795,1408390755.77470612525939941406,8192
796,1408390755.78273701667785644531,8192
797,1408390755.7906951904296875,8192
798,1408390755.79876065254211425781,8192
799,1408390755.80692577362060546875,8192
800,1408390755.81513929367065429688,8192
801,1408390755.8235263824462890625,8192
802,1408390755.83190035820007324219,8192
803,1408390755.84019136428833007812,8192
804,1408390755.84860730171203613281,8192
805,1408390755.85695195198059082031,8192
806,1408390755.86529827117919921875,8192
807,1408390755.87359905242919921875,8192
808,1408390755.88194823265075683594,8192
809,1408390755.89026761054992675781,8192
810,1408390755.89860224723815917969,8192
811,1408390755.90695238113403320312,8192
812,1408390755.9152774810791015625,8192
813,1408390755.92358756065368652344,8192
814,1408390755.93202733993530273438,8192
815,1408390755.94035816192626953125,8192
816,1408390755.94872617721557617188,8192
817,1408390755.95716404914855957031,8192
818,1408390755.96539950370788574219,8192
819,1408390755.97370123863220214844,8192
820,1408390755.98209166526794433594,8192
821,1408390755.99037766456604003906,8192
822,1408390755.99881625175476074219,8192
823,1408390756.00705742835998535156,8192
824,1408390756.01543593406677246094,8192
825,1408390756.02376222610473632812,8192
826,1408390756.03204131126403808594,8192
827,1408390756.04037380218505859375,8192
828,1408390756.04870843887329101562,8192
829,1408390756.05707979202270507812,8192
830,1408390756.06539392471313476562,8192
831,1408390756.07372379302978515625,8192
832,1408390756.08206892013549804688,8192
833,1408390756.09037542343139648438,8192
834,1408390756.09879636764526367188,8192
835,1408390756.10707521438598632812,8192
836,1408390756.11539936065673828125,8192
837,1408390756.12378358840942382812,8192
838,1408390756.13204860687255859375,8192
839,1408390756.14036417007446289062,8192
840,1408390756.14872980117797851562,8192
841,1408390756.15703082084655761719,8192
842,1408390756.16538119316101074219,8192
843,1408390756.17361927032470703125,8192
844,1408390756.18156647682189941406,8192
845,1408390756.18959975242614746094,8192
846,1408390756.19759535789489746094,8192
847,1408390756.205532073974609375,8192
848,1408390756.21354365348815917969,8192
849,1408390756.22161960601806640625,8192
850,1408390756.22950243949890136719,8192
851,1408390756.237499237060546875,8192
852,1408390756.24547648429870605469,8192
853,1408390756.25347542762756347656,8192
854,1408390756.26145100593566894531,8192
855,1408390756.26946926116943359375,8192
856,1408390756.27743268013000488281,8192
857,1408390756.28541445732116699219,8192
858,1408390756.29348468780517578125,8192
859,1408390756.30135869979858398438,8192
860,1408390756.30932641029357910156,8192
861,1408390756.31734776496887207031,8192
862,1408390756.32534480094909667969,8192
863,1408390756.33332610130310058594,8192
864,1408390756.34133005142211914062,8192
865,1408390756.3492794036865234375,8192
866,1408390756.35727977752685546875,8192
867,1408390756.36523866653442382812,8192
868,1408390756.37331867218017578125,8192
869,1408390756.38123559951782226562,8192
870,1408390756.38921356201171875,8192
871,1408390756.39719414710998535156,8192
872,1408390756.40516996383666992188,8192
873,1408390756.41317033767700195312,8192
874,1408390756.42116832733154296875,8192
875,1408390756.42912507057189941406,8192
876,1408390756.43714642524719238281,8192
877,1408390756.44512128829956054688,8192
878,1408390756.45310544967651367188,8192
879,1408390756.46108245849609375,8192
880,1408390756.46907067298889160156,8192
881,1408390756.47704935073852539062,8192
882,1408390756.48506641387939453125,8192
883,1408390756.49302244186401367188,8192
884,1408390756.50101137161254882812,8192
885,1408390756.50902438163757324219,8192
886,1408390756.51700162887573242188,8192
887,1408390756.52498412132263183594,8192
888,1408390756.53299093246459960938,8192
889,1408390756.54094600677490234375,8192
890,1408390756.54894423484802246094,8192
891,1408390756.55690979957580566406,8192
892,1408390756.56486821174621582031,8192
893,1408390756.57284522056579589844,8192
894,1408390756.58086752891540527344,8192
895,1408390756.58885288238525390625,8192
896,1408390756.59683561325073242188,8192
897,1408390756.604824066162109375,8192
898,1408390756.61278676986694335938,8192
899,1408390756.62077188491821289062,8192
900,1408390756.62876534461975097656,8192
901,1408390756.63673448562622070312,8192
902,1408390756.64476275444030761719,8192
903,1408390756.65276384353637695312,8192
904,1408390756.66071295738220214844,8192
905,1408390756.66868138313293457031,8192
906,1408390756.67671418190002441406,8192
907,1408390756.68464493751525878906,8192
908,1408390756.69265413284301757812,8192
909,1408390756.70064401626586914062,8192
910,1408390756.70871734619140625,8192
911,1408390756.71667265892028808594,8192
912,1408390756.72468543052673339844,8192
913,1408390756.73262095451354980469,8192
914,1408390756.74058938026428222656,8192
915,1408390756.74860167503356933594,8192
916,1408390756.75659346580505371094,8192
917,1408390756.7645721435546875,8192
918,1408390756.77259302139282226562,8192
919,1408390756.78053808212280273438,8192
920,1408390756.78852939605712890625,8192
921,1408390756.79653024673461914062,8192
922,1408390756.80449891090393066406,8192
923,1408390756.81249094009399414062,8192
924,1408390756.82049107551574707031,8192
925,1408390756.82849621772766113281,8192
926,1408390756.83649182319641113281,8192
927,1408390756.84443616867065429688,8192
928,1408390756.85241365432739257812,8192
929,1408390756.86045718193054199219,8192
930,1408390756.86848044395446777344,8192
931,1408390756.87649846076965332031,8192
932,1408390756.88442277908325195312,8192
933,1408390756.89242315292358398438,8192
934,1408390756.90039515495300292969,8192
935,1408390756.90841412544250488281,8192
936,1408390756.91640305519104003906,8192
937,1408390756.92437028884887695312,8192
938,1408390756.93243145942687988281,8192
939,1408390756.94033670425415039062,8192
940,1408390756.94835352897644042969,8192
941,1408390756.95629787445068359375,8192
942,1408390756.96426987648010253906,8192
943,1408390756.97232818603515625,8192
944,1408390756.98022317886352539062,8192
945,1408390756.98820948600769042969,8192
946,1408390756.99621224403381347656,8192
947,1408390757.00419378280639648438,8192
948,1408390757.01217532157897949219,8192
949,1408390757.02018570899963378906,8192
950,1408390757.02814030647277832031,8192
951,1408390757.03610372543334960938,8192
952,1408390757.04416060447692871094,8192
953,1408390757.05210399627685546875,8192
954,1408390757.060085296630859375,8192
955,1408390757.06807923316955566406,8192
956,1408390757.07600688934326171875,8192
957,1408390757.08403134346008300781,8192
958,1408390757.0920810699462890625,8192
959,1408390757.099971771240234375,8192
960,1408390757.10801982879638671875,8192
961,1408390757.11594748497009277344,8192
962,1408390757.123931884765625,8192
963,1408390757.13195681571960449219,8192
964,1408390757.13991951942443847656,8192
965,1408390757.147876739501953125,8192
966,1408390757.15592885017395019531,8192
967,1408390757.16397118568420410156,8192
968,1408390757.17186045646667480469,8192
969,1408390757.179485321044921875,8192
970,1408390757.18708705902099609375,8192
971,1408390757.19480800628662109375,8192
972,1408390757.2023487091064453125,8192
973,1408390757.2099514007568359375,8192
974,1408390757.21758818626403808594,8192
975,1408390757.22523403167724609375,8192
976,1408390757.23286294937133789062,8192
977,1408390757.24047398567199707031,8192
978,1408390757.24813389778137207031,8192
979,1408390757.25573492050170898438,8192
980,1408390757.26338028907775878906,8192
981,1408390757.27103495597839355469,8192
982,1408390757.27868556976318359375,8192
983,1408390757.28627371788024902344,8192
984,1408390757.29397106170654296875,8192
985,1408390757.30155777931213378906,8192
986,1408390757.30926418304443359375,8192
987,1408390757.31688427925109863281,8192
988,1408390757.32454204559326171875,8192
989,1408390757.33212542533874511719,8192
990,1408390757.33987903594970703125,8192
991,1408390757.34756374359130859375,8192
992,1408390757.35727429389953613281,8192
993,1408390757.36482143402099609375,8192
994,1408390757.37243866920471191406,8192
995,1408390757.38000726699829101562,8192
996,1408390757.38767838478088378906,8192
997,1408390757.39529943466186523438,8192
998,1408390757.40305876731872558594,8192
999,1408390757.41091012954711914062,8192
1000,1408390757.41829705238342285156,8192
1001,1408390757.42595171928405761719,8192
1002,1408390757.43369197845458984375,8192
1003,1408390757.44134068489074707031,8192
1004,1408390757.44893550872802734375,8192
1005,1408390757.456562042236328125,8192
1006,1408390757.46415567398071289062,8192
1007,1408390757.4718170166015625,8192
1008,1408390757.47945690155029296875,8192
1009,1408390757.48708844184875488281,8192
1010,1408390757.49478006362915039062,8192
1011,1408390757.50245571136474609375,8192
1012,1408390757.5100460052490234375,8192
1013,1408390757.51771378517150878906,8192
1014,1408390757.52531480789184570312,8192
1015,1408390757.532932281494140625,8192
1016,1408390757.5405483245849609375,8192
1017,1408390757.54824066162109375,8192
1018,1408390757.55593800544738769531,8192
1019,1408390757.56351971626281738281,8192
1020,1408390757.57126402854919433594,8192
1021,1408390757.57890367507934570312,8192
1022,1408390757.58667016029357910156,8192
1023,1408390757.594234466552734375,8192
1024,1408390757.60187745094299316406,8192
1025,1408390757.60951352119445800781,8192
1026,1408390757.61725378036499023438,8192
1027,1408390757.62480878829956054688,8192
1028,1408390757.63243174552917480469,8192
1029,1408390757.64012575149536132812,8192
1030,1408390757.64789271354675292969,8192
1031,1408390757.65543889999389648438,8192
1032,1408390757.66307401657104492188,8192
1033,1408390757.67071437835693359375,8192
1034,1408390757.67830777168273925781,8192
1035,1408390757.68597531318664550781,8192
1036,1408390757.69362854957580566406,8192
1037,1408390757.70123004913330078125,8192
1038,1408390757.70891094207763671875,8192
1039,1408390757.71665334701538085938,8192
1040,1408390757.72426748275756835938,8192
1041,1408390757.73192548751831054688,8192
1042,1408390757.739505767822265625,8192
1043,1408390757.74715852737426757812,8192
1044,1408390757.75490665435791015625,8192
1045,1408390757.76251316070556640625,8192
1046,1408390757.7701969146728515625,8192
1047,1408390757.77785444259643554688,8192
1048,1408390757.78545022010803222656,8192
1049,1408390757.79316806793212890625,8192
1050,1408390757.80086731910705566406,8192
1051,1408390757.80848932266235351562,8192
1052,1408390757.81612730026245117188,8192
1053,1408390757.82384347915649414062,8192
1054,1408390757.83138060569763183594,8192
1055,1408390757.83907198905944824219,8192
1056,1408390757.84670519828796386719,8192
1057,1408390757.85428452491760253906,8192
1058,1408390757.86190867424011230469,8192
1059,1408390757.86968207359313964844,8192
1060,1408390757.87727284431457519531,8192
1061,1408390757.88486981391906738281,8192
1062,1408390757.89259290695190429688,8192
1063,1408390757.90012907981872558594,8192
1064,1408390757.90787935256958007812,8192
1065,1408390757.9154453277587890625,8192
1066,1408390757.92303967475891113281,8192
1067,1408390757.93073511123657226562,8192
1068,1408390757.93845009803771972656,8192
1069,1408390757.94606184959411621094,8192
1070,1408390757.95367217063903808594,8192
1071,1408390757.96134996414184570312,8192
1072,1408390757.9689502716064453125,8192
1073,1408390757.97659826278686523438,8192
1074,1408390757.9842433929443359375,8192
1075,1408390757.99190592765808105469,8192
1076,1408390757.99948263168334960938,8192
1077,1408390758.0071887969970703125,8192
1078,1408390758.0149440765380859375,8192
1079,1408390758.02240753173828125,8192
1080,1408390758.03004670143127441406,8192
1081,1408390758.03766703605651855469,8192
1082,1408390758.04533267021179199219,8192
1083,1408390758.052978515625,8192
1084,1408390758.06057977676391601562,8192
1085,1408390758.06820988655090332031,8192
1086,1408390758.07586526870727539062,8192
1087,1408390758.08355569839477539062,8192
1088,1408390758.09125876426696777344,8192
1089,1408390758.09893035888671875,8192
1090,1408390758.10657858848571777344,8192
1091,1408390758.11420893669128417969,8192
1092,1408390758.12184429168701171875,8192
1093,1408390758.12948942184448242188,8192
1094,1408390758.13711571693420410156,8192
1095,1408390758.144870758056640625,8192
1096,1408390758.15250110626220703125,8192
1097,1408390758.16014575958251953125,8192
1098,1408390758.16786217689514160156,8192
1099,1408390766.1770458221435546875,8192
1100,1408390766.18741893768310546875,8192
1101,1408390766.19791817665100097656,8192
1102,1408390766.2083568572998046875,8192
1103,1408390766.21896815299987792969,8192
1104,1408390766.22946143150329589844,8192
1105,1408390766.23987460136413574219,8192
1106,1408390766.25033354759216308594,8192
1107,1408390766.26084423065185546875,8192
1108,1408390766.27126836776733398438,8192
1109,1408390766.28173708915710449219,8192
1110,1408390766.29220366477966308594,8192
1111,1408390766.30264067649841308594,8192
1112,1408390766.31314206123352050781,8192
1113,1408390766.32359170913696289062,8192
1114,1408390766.33404445648193359375,8192
1115,1408390766.344516754150390625,8192
1116,1408390766.35501408576965332031,8192
1117,1408390766.36549043655395507812,8192
1118,1408390766.37595415115356445312,8192
1119,1408390766.38644337654113769531,8192
1120,1408390766.39688086509704589844,8192
1121,1408390766.4073696136474609375,8192
1122,1408390766.41782379150390625,8192
1123,1408390766.42828249931335449219,8192
1124,1408390766.43878078460693359375,8192
1125,1408390766.44920992851257324219,8192
1126,1408390766.45968675613403320312,8192
1127,1408390766.47012233734130859375,8192
1128,1408390766.48057794570922851562,8192
1129,1408390766.49101662635803222656,8192
1130,1408390766.50150537490844726562,8192
1131,1408390766.51201319694519042969,8192
1132,1408390766.52244305610656738281,8192
1133,1408390766.53291940689086914062,8192
1134,1408390766.54338836669921875,8192
1135,1408390766.55382537841796875,8192
1136,1408390766.56429648399353027344,8192
1137,1408390766.57486033439636230469,8192
1138,1408390766.58525037765502929688,8192
1139,1408390766.59568881988525390625,8192
1140,1408390766.60617280006408691406,8192
1141,1408390766.61662650108337402344,8192
1142,1408390766.62707448005676269531,8192
1143,1408390766.63757848739624023438,8192
1144,1408390766.64804553985595703125,8192
1145,1408390766.65843915939331054688,8192
1146,1408390766.66895437240600585938,8192
1147,1408390766.67940258979797363281,8192
1148,1408390766.68984675407409667969,8192
1149,1408390766.70034766197204589844,8192
1150,1408390766.71091055870056152344,8192
1151,1408390766.72124004364013671875,8192
1152,1408390766.73181581497192382812,8192
1153,1408390766.74223923683166503906,8192
1154,1408390766.75268435478210449219,8192
1155,1408390766.76314425468444824219,8192
1156,1408390766.77360200881958007812,8192
1157,1408390766.78404760360717773438,8192
1158,1408390766.79451608657836914062,8192
1159,1408390766.80496072769165039062,8192
1160,1408390766.81541156768798828125,8192
1161,1408390766.82590651512145996094,8192
1162,1408390766.83633160591125488281,8192
1163,1408390766.84696555137634277344,8192
1164,1408390766.85733461380004882812,8192
1165,1408390766.86775636672973632812,8192
1166,1408390766.87819004058837890625,8192
1167,1408390766.88866734504699707031,8192
1168,1408390766.89916157722473144531,8192
1169,1408390766.90963315963745117188,8192
1170,1408390766.92012858390808105469,8192
1171,1408390766.93053913116455078125,8192
1172,1408390766.94101047515869140625,8192
1173,1408390766.95147204399108886719,8192
1174,1408390766.96192812919616699219,8192
1175,1408390766.97242569923400878906,8192
1176,1408390766.98298120498657226562,8192
1177,1408390766.99332690238952636719,8192
1178,1408390767.00368142127990722656,8192
1179,1408390767.01417422294616699219,8192
1180,1408390767.02466487884521484375,8192
1181,1408390767.03512287139892578125,8192
1182,1408390767.04560971260070800781,8192
1183,1408390767.05605292320251464844,8192
1184,1408390767.06648778915405273438,8192
1185,1408390767.07696843147277832031,8192
1186,1408390767.087413787841796875,8192
1187,1408390767.09789443016052246094,8192
1188,1408390767.10836577415466308594,8192
1189,1408390767.11891222000122070312,8192
1190,1408390767.1293811798095703125,8192
1191,1408390767.1398715972900390625,8192
1192,1408390767.15030336380004882812,8192
1193,1408390767.1607608795166015625,8192
1194,1408390767.17136383056640625,8192
1195,1408390767.18107581138610839844,8192
1196,1408390767.19097685813903808594,8192
1197,1408390767.2007961273193359375,8192
1198,1408390767.21060681343078613281,8192
1199,1408390767.22040987014770507812,8192
1200,1408390767.23025965690612792969,8192
1201,1408390767.2400646209716796875,8192
1202,1408390767.24985718727111816406,8192
1203,1408390767.25972461700439453125,8192
1204,1408390767.26955008506774902344,8192
1205,1408390767.279369354248046875,8192
1206,1408390767.289203643798828125,8192
1207,1408390767.29904818534851074219,8192
1208,1408390767.30882239341735839844,8192
1209,1408390767.31865191459655761719,8192
1210,1408390767.328464508056640625,8192
1211,1408390767.33830857276916503906,8192
1212,1408390767.34822344779968261719,8192
1213,1408390767.35796499252319335938,8192
1214,1408390767.36781787872314453125,8192
1215,1408390767.37763905525207519531,8192
1216,1408390767.38744759559631347656,8192
1217,1408390767.39731192588806152344,8192
1218,1408390767.40710568428039550781,8192
1219,1408390767.41691184043884277344,8192
1220,1408390767.42686057090759277344,8192
1221,1408390767.43658900260925292969,8192
1222,1408390767.44642281532287597656,8192
1223,1408390767.45621061325073242188,8192
1224,1408390767.46606087684631347656,8192
1225,1408390767.47590851783752441406,8192
1226,1408390767.48570489883422851562,8192
1227,1408390767.49554204940795898438,8192
1228,1408390767.50533890724182128906,8192
1229,1408390767.51516056060791015625,8192
1230,1408390767.52500700950622558594,8192
1231,1408390767.53490090370178222656,8192
1232,1408390767.54467892646789550781,8192
1233,1408390767.55448126792907714844,8192
1234,1408390767.56428480148315429688,8192
1235,1408390767.57408905029296875,8192
1236,1408390767.5839710235595703125,8192
1237,1408390767.59377145767211914062,8192
1238,1408390767.60358715057373046875,8192
1239,1408390767.61341381072998046875,8192
1240,1408390767.62322092056274414062,8192
1241,1408390767.63303351402282714844,8192
1242,1408390767.64297986030578613281,8192
1243,1408390767.65267014503479003906,8192
1244,1408390767.66254782676696777344,8192
1245,1408390767.67239522933959960938,8192
1246,1408390767.68216085433959960938,8192
1247,1408390767.69196105003356933594,8192
1248,1408390767.70194411277770996094,8192
1249,1408390767.71172475814819335938,8192
1250,1408390767.72140932083129882812,8192
1251,1408390767.73129773139953613281,8192
1252,1408390767.74112057685852050781,8192
1253,1408390767.75099539756774902344,8192
1254,1408390767.76085186004638671875,8192
1255,1408390767.77064466476440429688,8192
1256,1408390767.78046941757202148438,8192
1257,1408390767.79029917716979980469,8192
1258,1408390767.800098419189453125,8192
1259,1408390767.80993676185607910156,8192
1260,1408390767.81976580619812011719,8192
1261,1408390767.82957053184509277344,8192
1262,1408390767.83938741683959960938,8192
1263,1408390767.849246978759765625,8192
1264,1408390767.85910654067993164062,8192
1265,1408390767.8689117431640625,8192
1266,1408390767.87873172760009765625,8192
1267,1408390767.88853096961975097656,8192
1268,1408390767.89833402633666992188,8192
1269,1408390767.90815997123718261719,8192
1270,1408390767.91798496246337890625,8192
1271,1408390767.927829742431640625,8192
1272,1408390767.93765687942504882812,8192
1273,1408390767.94747495651245117188,8192
1274,1408390767.95732855796813964844,8192
1275,1408390767.96719574928283691406,8192
1276,1408390767.97700548171997070312,8192
1277,1408390767.98685455322265625,8192
1278,1408390767.99662375450134277344,8192
1279,1408390768.00639748573303222656,8192
1280,1408390768.01625156402587890625,8192
1281,1408390768.0260257720947265625,8192
1282,1408390768.03586864471435546875,8192
1283,1408390768.04567480087280273438,8192
1284,1408390768.05555987358093261719,8192
1285,1408390768.06533956527709960938,8192
1286,1408390768.07513499259948730469,8192
1287,1408390768.084991455078125,8192
1288,1408390768.09488964080810546875,8192
1289,1408390768.10463309288024902344,8192
1290,1408390768.11443853378295898438,8192
1291,1408390768.12426543235778808594,8192
1292,1408390768.13410544395446777344,8192
1293,1408390768.14393091201782226562,8192
1294,1408390768.15371537208557128906,8192
1295,1408390768.16352796554565429688,8192
1296,1408390768.17304277420043945312,8192
1297,1408390768.18170881271362304688,8192
1298,1408390768.19038867950439453125,8192
1299,1408390768.19907450675964355469,8192
1300,1408390768.20775294303894042969,8192
1301,1408390768.21637868881225585938,8192
1302,1408390768.22508883476257324219,8192
1303,1408390768.23375225067138671875,8192
1304,1408390768.24243783950805664062,8192
1305,1408390768.25111317634582519531,8192
1306,1408390768.25982689857482910156,8192
1307,1408390768.26845860481262207031,8192
1308,1408390768.27711629867553710938,8192
1309,1408390768.28579640388488769531,8192
1310,1408390768.29446768760681152344,8192
1311,1408390768.30315423011779785156,8192
1312,1408390768.31179594993591308594,8192
1313,1408390768.32046866416931152344,8192
1314,1408390768.32915401458740234375,8192
1315,1408390768.33778977394104003906,8192
1316,1408390768.34645628929138183594,8192
1317,1408390768.35515761375427246094,8192
1318,1408390768.36379790306091308594,8192
1319,1408390768.37247490882873535156,8192
1320,1408390768.38114786148071289062,8192
1321,1408390768.38981127738952636719,8192
1322,1408390768.39847517013549804688,8192
1323,1408390768.40716075897216796875,8192
1324,1408390768.4158172607421875,8192
1325,1408390768.42454481124877929688,8192
1326,1408390768.43319344520568847656,8192
1327,1408390768.44190311431884765625,8192
1328,1408390768.45051431655883789062,8192
1329,1408390768.45919728279113769531,8192
1330,1408390768.46789431571960449219,8192
1331,1408390768.47651648521423339844,8192
1332,1408390768.48519992828369140625,8192
1333,1408390768.49388837814331054688,8192
1334,1408390768.50259065628051757812,8192
1335,1408390768.51123785972595214844,8192
1336,1408390768.51994347572326660156,8192
1337,1408390768.52856731414794921875,8192
1338,1408390768.53724575042724609375,8192
1339,1408390768.545902252197265625,8192
1340,1408390768.5545902252197265625,8192
1341,1408390768.56338477134704589844,8192
1342,1408390768.57203531265258789062,8192
1343,1408390768.58070874214172363281,8192
1344,1408390768.58937168121337890625,8192
1345,1408390768.59808373451232910156,8192
1346,1408390768.60679268836975097656,8192
1347,1408390768.61544394493103027344,8192
1348,1408390768.6240558624267578125,8192
1349,1408390768.63273954391479492188,8192
1350,1408390768.64142560958862304688,8192
1351,1408390768.65005660057067871094,8192
1352,1408390768.6588191986083984375,8192
1353,1408390768.66742229461669921875,8192
1354,1408390768.6760997772216796875,8192
1355,1408390768.68478941917419433594,8192
1356,1408390768.69346070289611816406,8192
1357,1408390768.70209217071533203125,8192
1358,1408390768.7108364105224609375,8192
1359,1408390768.71944451332092285156,8192
1360,1408390768.72808003425598144531,8192
1361,1408390768.73675131797790527344,8192
1362,1408390768.7454376220703125,8192
1363,1408390768.75411629676818847656,8192
1364,1408390768.7629222869873046875,8192
1365,1408390768.77147030830383300781,8192
1366,1408390768.78012108802795410156,8192
1367,1408390768.78881049156188964844,8192
1368,1408390768.79746198654174804688,8192
1369,1408390768.80612492561340332031,8192
1370,1408390768.81490111351013183594,8192
1371,1408390768.82347440719604492188,8192
1372,1408390768.83212447166442871094,8192
1373,1408390768.84083032608032226562,8192
1374,1408390768.84952831268310546875,8192
1375,1408390768.85817408561706542969,8192
1376,1408390768.86686444282531738281,8192
1377,1408390768.87554287910461425781,8192
1378,1408390768.88422036170959472656,8192
1379,1408390768.89286303520202636719,8192
1380,1408390768.90162158012390136719,8192
1381,1408390768.91027593612670898438,8192
1382,1408390768.91889667510986328125,8192
1383,1408390768.92771649360656738281,8192
1384,1408390768.93624854087829589844,8192
1385,1408390768.94489288330078125,8192
1386,1408390768.95357584953308105469,8192
1387,1408390768.96221399307250976562,8192
1388,1408390768.97091960906982421875,8192
1389,1408390768.97967052459716796875,8192
1390,1408390768.98825430870056152344,8192
1391,1408390768.99691224098205566406,8192
1392,1408390769.00562620162963867188,8192
1393,1408390769.01426720619201660156,8192
1394,1408390769.02293753623962402344,8192
1395,1408390769.03174424171447753906,8192
1396,1408390769.04030919075012207031,8192
1397,1408390769.04895782470703125,8192
1398,1408390769.05769252777099609375,8192
1399,1408390769.06630563735961914062,8192
1400,1408390769.0749721527099609375,8192
1401,1408390769.08365750312805175781,8192
1402,1408390769.09233427047729492188,8192
1403,1408390769.10102343559265136719,8192
1404,1408390769.10966014862060546875,8192
1405,1408390769.11835026741027832031,8192
1406,1408390769.12697863578796386719,8192
1407,1408390769.13566493988037109375,8192
1408,1408390769.14431905746459960938,8192
1409,1408390769.15299558639526367188,8192
1410,1408390769.16168069839477539062,8192
1411,1408390769.17037868499755859375,8192
1412,1408390769.17855429649353027344,8192
1413,1408390769.18673443794250488281,8192
1414,1408390769.19486379623413085938,8192
1415,1408390769.20292687416076660156,8192
1416,1408390769.2110691070556640625,8192
1417,1408390769.21920490264892578125,8192
1418,1408390769.22734856605529785156,8192
1419,1408390769.23547053337097167969,8192
1420,1408390769.24366974830627441406,8192
1421,1408390769.2518482208251953125,8192
1422,1408390769.25994849205017089844,8192
1423,1408390769.26802277565002441406,8192
1424,1408390769.27622342109680175781,8192
1425,1408390769.2843341827392578125,8192
1426,1408390769.29243254661560058594,8192
1427,1408390769.30060505867004394531,8192
1428,1408390769.30872035026550292969,8192
1429,1408390769.3168926239013671875,8192
1430,1408390769.32498502731323242188,8192
1431,1408390769.33317542076110839844,8192
1432,1408390769.3413543701171875,8192
1433,1408390769.3494358062744140625,8192
1434,1408390769.35760426521301269531,8192
1435,1408390769.36568331718444824219,8192
1436,1408390769.37380528450012207031,8192
1437,1408390769.38206005096435546875,8192
1438,1408390769.39010405540466308594,8192
1439,1408390769.39823651313781738281,8192
1440,1408390769.40640306472778320312,8192
1441,1408390769.41451907157897949219,8192
1442,1408390769.42263126373291015625,8192
1443,1408390769.43084287643432617188,8192
1444,1408390769.43892240524291992188,8192
1445,1408390769.44708752632141113281,8192
1446,1408390769.45521855354309082031,8192
1447,1408390769.46338725090026855469,8192
1448,1408390769.47150468826293945312,8192
1449,1408390769.47968029975891113281,8192
1450,1408390769.487781524658203125,8192
1451,1408390769.49592709541320800781,8192
1452,1408390769.50406551361083984375,8192
1453,1408390769.51218056678771972656,8192
1454,1408390769.52031230926513671875,8192
1455,1408390769.52846407890319824219,8192
1456,1408390769.53662276268005371094,8192
1457,1408390769.54473829269409179688,8192
1458,1408390769.5528774261474609375,8192
1459,1408390769.5610370635986328125,8192
1460,1408390769.56917476654052734375,8192
1461,1408390769.57731509208679199219,8192
1462,1408390769.58544182777404785156,8192
1463,1408390769.5935726165771484375,8192
1464,1408390769.60172939300537109375,8192
1465,1408390769.60983061790466308594,8192
1466,1408390769.61795830726623535156,8192
1467,1408390769.62623238563537597656,8192
1468,1408390769.63424611091613769531,8192
1469,1408390769.642368316650390625,8192
1470,1408390769.65051507949829101562,8192
1471,1408390769.65871381759643554688,8192
1472,1408390769.66684246063232421875,8192
1473,1408390769.67496442794799804688,8192
1474,1408390769.68318152427673339844,8192
1475,1408390769.69122910499572753906,8192
1476,1408390769.69937038421630859375,8192
1477,1408390769.70750784873962402344,8192
1478,1408390769.71569800376892089844,8192
1479,1408390769.7239017486572265625,8192
1480,1408390769.73197484016418457031,8192
1481,1408390769.74009752273559570312,8192
1482,1408390769.74823117256164550781,8192
1483,1408390769.75634741783142089844,8192
1484,1408390769.76450753211975097656,8192
1485,1408390769.77268338203430175781,8192
1486,1408390769.78079342842102050781,8192
1487,1408390769.78891801834106445312,8192
1488,1408390769.79709887504577636719,8192
1489,1408390769.80526518821716308594,8192
1490,1408390769.81336474418640136719,8192
1491,1408390769.82149863243103027344,8192
1492,1408390769.82959675788879394531,8192
1493,1408390769.83775401115417480469,8192
1494,1408390769.84595417976379394531,8192
1495,1408390769.85405254364013671875,8192
1496,1408390769.86217761039733886719,8192
1497,1408390769.87029600143432617188,8192
1498,1408390769.87845540046691894531,8192
1499,1408390769.88656735420227050781,8192
1500,1408390769.89478993415832519531,8192
1501,1408390769.90288686752319335938,8192
1502,1408390769.91103601455688476562,8192
1503,1408390769.91917443275451660156,8192
1504,1408390769.92727756500244140625,8192
1505,1408390769.93546199798583984375,8192
1506,1408390769.94369530677795410156,8192
1507,1408390769.95171666145324707031,8192
1508,1408390769.959949493408203125,8192
1509,1408390769.96802616119384765625,8192
1510,1408390769.97617006301879882812,8192
1511,1408390769.98425245285034179688,8192
1512,1408390769.99240398406982421875,8192
1513,1408390770.0005359649658203125,8192
1514,1408390770.00869393348693847656,8192
1515,1408390770.01685976982116699219,8192
1516,1408390770.02496933937072753906,8192
1517,1408390770.03310084342956542969,8192
1518,1408390770.04124379158020019531,8192
1519,1408390770.04939937591552734375,8192
1520,1408390770.05751943588256835938,8192
1521,1408390770.06566381454467773438,8192
1522,1408390770.07378053665161132812,8192
1523,1408390770.08194875717163085938,8192
1524,1408390770.09009242057800292969,8192
1525,1408390770.09820556640625,8192
1526,1408390770.10634660720825195312,8192
1527,1408390770.1145038604736328125,8192
1528,1408390770.12261366844177246094,8192
1529,1408390770.13078188896179199219,8192
1530,1408390770.13887238502502441406,8192
1531,1408390770.14700031280517578125,8192
1532,1408390770.15515565872192382812,8192
1533,1408390770.16332888603210449219,8192
1534,1408390770.17142939567565917969,8192
1535,1408390770.17942595481872558594,8192
1536,1408390770.18747806549072265625,8192
1537,1408390770.195491790771484375,8192
1538,1408390770.20354914665222167969,8192
1539,1408390770.21153163909912109375,8192
1540,1408390770.21954679489135742188,8192
1541,1408390770.22754454612731933594,8192
1542,1408390770.23569536209106445312,8192
1543,1408390770.24368643760681152344,8192
1544,1408390770.25168013572692871094,8192
1545,1408390770.25972890853881835938,8192
1546,1408390770.26767110824584960938,8192
1547,1408390770.27566766738891601562,8192
1548,1408390770.28374409675598144531,8192
1549,1408390770.29183554649353027344,8192
1550,1408390770.29974293708801269531,8192
1551,1408390770.307849884033203125,8192
1552,1408390770.31582283973693847656,8192
1553,1408390770.32389402389526367188,8192
1554,1408390770.33186626434326171875,8192
1555,1408390770.33993411064147949219,8192
1556,1408390770.34789633750915527344,8192
1557,1408390770.35592246055603027344,8192
1558,1408390770.36385560035705566406,8192
1559,1408390770.37193989753723144531,8192
1560,1408390770.37990331649780273438,8192
1561,1408390770.38791513442993164062,8192
1562,1408390770.39592957496643066406,8192
1563,1408390770.40394163131713867188,8192
1564,1408390770.41193556785583496094,8192
1565,1408390770.419963836669921875,8192
1566,1408390770.42799592018127441406,8192
1567,1408390770.43600630760192871094,8192
1568,1408390770.44402098655700683594,8192
1569,1408390770.45205020904541015625,8192
1570,1408390770.46003389358520507812,8192
1571,1408390770.46804666519165039062,8192
1572,1408390770.476093292236328125,8192
1573,1408390770.48410201072692871094,8192
1574,1408390770.492107391357421875,8192
1575,1408390770.50016522407531738281,8192
1576,1408390770.50816893577575683594,8192
1577,1408390770.51616549491882324219,8192
1578,1408390770.52421450614929199219,8192
1579,1408390770.53220701217651367188,8192
1580,1408390770.54023265838623046875,8192
1581,1408390770.54828023910522460938,8192
1582,1408390770.55625629425048828125,8192
1583,1408390770.56428885459899902344,8192
1584,1408390770.57231307029724121094,8192
1585,1408390770.58030152320861816406,8192
1586,1408390770.58832049369812011719,8192
1587,1408390770.59633111953735351562,8192
1588,1408390770.60435652732849121094,8192
1589,1408390770.61237549781799316406,8192
1590,1408390770.62035846710205078125,8192
1591,1408390770.62840771675109863281,8192
1592,1408390770.63641285896301269531,8192
1593,1408390770.644439697265625,8192
1594,1408390770.65247416496276855469,8192
1595,1408390770.66048264503479003906,8192
1596,1408390770.66850352287292480469,8192
1597,1408390770.67651319503784179688,8192
1598,1408390770.6845493316650390625,8192
1599,1408390770.69256639480590820312,8192
1600,1408390770.70055866241455078125,8192
1601,1408390770.70862412452697753906,8192
1602,1408390770.71662688255310058594,8192
1603,1408390770.72461676597595214844,8192
1604,1408390770.7326526641845703125,8192
1605,1408390770.74067139625549316406,8192
1606,1408390770.74866938591003417969,8192
1607,1408390770.75670909881591796875,8192
1608,1408390770.76471686363220214844,8192
1609,1408390770.77276754379272460938,8192
1610,1408390770.78074550628662109375,8192
1611,1408390770.7888088226318359375,8192
1612,1408390770.79677319526672363281,8192
1613,1408390770.80488562583923339844,8192
1614,1408390770.8128261566162109375,8192
1615,1408390770.82096791267395019531,8192
1616,1408390770.82927465438842773438,8192
1617,1408390770.83763885498046875,8192
1618,1408390770.84595894813537597656,8192
1619,1408390770.85432291030883789062,8192
1620,1408390770.86267232894897460938,8192
1621,1408390770.87101650238037109375,8192
1622,1408390770.87932658195495605469,8192
1623,1408390770.88768672943115234375,8192
1624,1408390770.89598321914672851562,8192
1625,1408390770.90432953834533691406,8192
1626,1408390770.91267347335815429688,8192
1627,1408390770.92097735404968261719,8192
1628,1408390770.92930316925048828125,8192
1629,1408390770.93768835067749023438,8192
