0,1408383990,8192,,
1,1408383990,8192,0.008080006,
2,1408383990,8192,0.016340017,991766.1529
3,1408383990,8192,0.024640083,986980.1042
4,1408383990,8192,0.032919884,989395.8295
5,1408383990,8192,0.041270018,981062.1126
6,1408383990,8192,0.049499989,995386.2617
7,1408383990,8192,0.057790041,988172.2806
8,1408383990,8192,0.066080093,988172.2806
9,1408383990,8192,0.074369907,988200.7008
10,1408383990,8192,0.082629919,991766.1529
11,1408383990,8192,0.090919971,988172.2806
12,1408383990,8192,0.099220037,986980.1042
13,1408383990,8192,0.107460022,994176.6259
14,1408383990,8192,0.115799904,982268.1066
15,1408383990,8192,0.124079943,989367.3405
16,1408383990,8192,0.132339954,991766.1529
17,1408383990,8192,0.140660048,984604.3605
18,1408383990,8192,0.148940086,989367.3405
19,1408383990,8192,0.1572299,988200.7008
20,1408383991,8192,0.165499926,990565.2944
21,1408383991,8192,0.173810005,985790.801
22,1408383991,8192,0.182130098,984604.3605
23,1408383991,8192,0.190370083,994176.6259
24,1408383991,8192,0.198699951,983448.92
25,1408383991,8192,0.206929922,995386.2617
26,1408383991,8192,0.215199947,990565.2944
27,1408383991,8192,0.223520041,984604.3605
28,1408383991,8192,0.231770039,992969.9265
29,1408383991,8192,0.240060091,988172.2806
30,1408383991,8192,0.248379946,984632.5759
31,1408383991,8192,0.256649971,990565.2944
32,1408383991,8192,0.26493001,989367.3405
33,1408383991,8192,0.273220062,988172.2806
34,1408383991,8192,0.281549931,983448.92
35,1408383991,8192,0.289829969,989367.3405
36,1408383991,8192,0.298259974,971767.0221
37,1408383991,8192,0.30656004,986980.1042
38,1408383991,8192,0.314879894,984632.5759
39,1408383991,8192,0.323329926,969463.8668
40,1408383991,8192,0.331629992,986980.1042
41,1408383991,8192,0.339920044,988172.2806
42,1408383991,8192,0.348320007,975242.347
43,1408383991,8192,0.356600046,989367.3405
44,1408383991,8192,0.364949942,981090.1253
45,1408383991,8192,0.373280048,983420.7724
46,1408383991,8192,0.381680012,975242.347
47,1408383991,8192,0.389960051,989367.3405
48,1408383991,8192,0.39831996,979914.966
49,1408383991,8192,0.406620026,986980.1042
50,1408383991,8192,0.414969921,981090.1253
51,1408383991,8192,0.423369884,975242.347
52,1408383991,8192,0.431620121,992941.2313
53,1408383991,8192,0.439949989,983448.92
54,1408383991,8192,0.448319912,978742.6186
55,1408383991,8192,0.456640005,984604.3605
56,1408383991,8192,0.464999914,979914.966
57,1408383991,8192,0.473320007,984604.3605
58,1408383991,8192,0.481719971,975242.347
59,1408383991,8192,0.49000001,989367.3405
60,1408383991,8192,0.498349905,981090.1253
61,1408383991,8192,0.50673008,977545.2607
62,1408383991,8192,0.515110016,977573.0729
63,1408383991,8192,0.523420095,985790.801
64,1408383991,8192,0.531769991,981090.1253
65,1408383991,8192,0.540100098,983420.7724
66,1408383991,8192,0.548419952,984632.5759
67,1408383991,8192,0.556760073,982240.0265
68,1408383991,8192,0.565119982,979914.966
69,1408383991,8192,0.573450089,983420.7724
70,1408383991,8192,0.581880093,971767.0221
71,1408383991,8192,0.590219975,982268.1066
72,1408383991,8192,0.598579884,979914.966
73,1408383991,8192,0.606889963,985790.801
74,1408383991,8192,0.615240097,981062.1126
75,1408383991,8192,0.623579979,982268.1066
76,1408383991,8192,0.631890059,985790.801
77,1408383991,8192,0.64022994,982268.1066
78,1408383991,8192,0.648629904,975242.347
79,1408383991,8192,0.656909943,989367.3405
80,1408383991,8192,0.665260077,981062.1126
81,1408383991,8192,0.673640013,977573.0729
82,1408383991,8192,0.681930065,988172.2806
83,1408383991,8192,0.69024992,984632.5759
84,1408383991,8192,0.698620081,978714.7397
85,1408383991,8192,0.706929922,985819.0844
86,1408383991,8192,0.71532011,976378.5732
87,1408383991,8192,0.723639965,984632.5759
88,1408383991,8192,0.73190999,990565.2944
89,1408383991,8192,0.740230083,984604.3605
90,1408383991,8192,0.748660088,971767.0221
91,1408383991,8192,0.756930113,990565.2944
92,1408383991,8192,0.765259981,983448.92
93,1408383991,8192,0.773699999,970614.0782
94,1408383991,8192,0.781919956,996598.8447
95,1408383991,8192,0.790260077,982240.0265
96,1408383991,8192,0.798629999,978742.6186
97,1408383991,8192,0.806890011,991766.1529
98,1408383991,8192,0.814899921,1022733.015
99,1408383991,8192,0.822900057,1023982.666
100,1408383991,8192,0.830869913,1027872.992
101,1408383991,8192,0.838850021,1026552.489
102,1408383991,8192,0.846849918,1024013.184
103,1408383991,8192,0.854850054,1023982.666
104,1408383991,8192,0.862839937,1025296.561
105,1408383991,8192,0.870840073,1023982.666
106,1408383991,8192,0.878809929,1027872.992
107,1408383991,8192,0.886800051,1025265.967
108,1408383991,8192,0.894789934,1025296.561
109,1408383991,8192,0.902780056,1025265.967
110,1408383991,8192,0.910749912,1027872.992
111,1408383991,8192,0.918740034,1025265.967
112,1408383991,8192,0.926729918,1025296.561
113,1408383991,8192,0.934679985,1030431.5
114,1408383991,8192,0.942739964,1016379.884
115,1408383991,8192,0.950920105,1001449.676
116,1408383991,8192,0.958800077,1039597.542
117,1408383991,8192,0.96675992,1029166.069
118,1408383991,8192,0.974780083,1021425.678
119,1408383991,8192,0.982759953,1026583.16
120,1408383991,8192,0.990730047,1027842.244
121,1408383991,8192,0.998719931,1025296.561
122,1408383991,8192,1.006740093,1021425.678
123,1408383991,8192,1.014699936,1029166.069
124,1408383991,8192,1.022670031,1027842.244
125,1408383991,8192,1.0306499,1026583.16
126,1408383991,8192,1.038640022,1025265.967
127,1408383991,8192,1.046619892,1026583.16
128,1408383991,8192,1.054610014,1025265.967
129,1408383991,8192,1.062599897,1025296.561
130,1408383991,8192,1.070600033,1023982.666
131,1408383991,8192,1.078609943,1022733.015
132,1408383991,8192,1.086620092,1022702.574
133,1408383991,8192,1.094559908,1031762.007
134,1408383991,8192,1.102560043,1023982.666
135,1408383991,8192,1.110660076,1011353.929
136,1408383991,8192,1.118629932,1027872.992
137,1408383991,8192,1.126620054,1025265.967
138,1408383991,8192,1.134629965,1022733.015
139,1408383991,8192,1.142570019,1031731.026
140,1408383991,8192,1.150589943,1021456.043
141,1408383991,8192,1.158649921,1016379.884
142,1408383992,8192,1.166640043,1025265.967
143,1408383992,8192,1.174590111,1030431.5
144,1408383992,8192,1.182620049,1020182.256
145,1408383992,8192,1.190629959,1022733.015
146,1408383992,8192,1.198620081,1025265.967
147,1408383992,8192,1.206619978,1024013.184
148,1408383992,8192,1.214679956,1016379.884
149,1408383992,8192,1.222609997,1033033.834
150,1408383992,8192,1.230609894,1024013.184
151,1408383992,8192,1.238600016,1025265.967
152,1408383992,8192,1.246560097,1029135.243
153,1408383992,8192,1.254580021,1021456.043
154,1408383992,8192,1.262540102,1029135.243
155,1408383992,8192,1.270560026,1021456.043
156,1408383992,8192,1.27854991,1025296.561
157,1408383992,8192,1.286560059,1022702.574
158,1408383992,8192,1.294579983,1021456.043
159,1408383992,8192,1.30253005,1030431.5
160,1408383992,8192,1.310499907,1027872.992
161,1408383992,8192,1.318480015,1026552.489
162,1408383992,8192,1.326519966,1018911.641
163,1408383992,8192,1.33446002,1031731.026
164,1408383992,8192,1.342509985,1017644.188
165,1408383992,8192,1.350490093,1026552.489
166,1408383992,8192,1.358500004,1022733.015
167,1408383992,8192,1.366549969,1017644.188
168,1408383992,8192,1.374480009,1033033.834
169,1408383992,8192,1.38244009,1029135.243
170,1408383992,8192,1.390450001,1022733.015
171,1408383992,8192,1.398459911,1022733.015
172,1408383992,8192,1.406450033,1025265.967
173,1408383992,8192,1.414439917,1025296.561
174,1408383992,8192,1.422430038,1025265.967
175,1408383992,8192,1.430429935,1024013.184
176,1408383992,8192,1.438410044,1026552.489
177,1408383992,8192,1.446490049,1013860.678
178,1408383992,8192,1.454390049,1036962.075
179,1408383992,8192,1.462419987,1020182.256
180,1408383992,8192,1.470400095,1026552.489
181,1408383992,8192,1.478399992,1024013.184
182,1408383992,8192,1.486419916,1021456.043
183,1408383992,8192,1.494410038,1025265.967
184,1408383992,8192,1.502370119,1029135.243
185,1408383992,8192,1.51038003,1022733.015
186,1408383992,8192,1.51838994,1022733.015
187,1408383992,8192,1.526350021,1029135.243
188,1408383992,8192,1.534349918,1024013.184
189,1408383992,8192,1.542350054,1023982.666
190,1408383992,8192,1.550309896,1029166.069
191,1408383992,8192,1.5583601,1017614.049
192,1408383992,8192,1.566309929,1030462.403
193,1408383992,8192,1.574320078,1022702.574
194,1408383992,8192,1.582289934,1027872.992
195,1408383992,8192,1.590329885,1018911.641
196,1408383992,8192,1.598279953,1030431.5
197,1408383992,8192,1.606309891,1020182.256
198,1408383992,8192,1.614279985,1027842.244
199,1408383992,8192,1.622280121,1023982.666
200,1408383992,8192,1.630280018,1024013.184
201,1408383992,8192,1.638289928,1022733.015
202,1408383992,8192,1.64628005,1025265.967
203,1408383992,8192,1.654249907,1027872.992
204,1408383992,8192,1.662290096,1018881.427
205,1408383992,8192,1.670239925,1030462.403
206,1408383992,8192,1.678280115,1018881.427
207,1408383992,8192,1.686300039,1021456.043
208,1408383992,8192,1.69426012,1029135.243
209,1408383992,8192,1.702250004,1025296.561
210,1408383992,8192,1.710299969,1017644.188
211,1408383992,8192,1.718219995,1034339.937
212,1408383992,8192,1.726210117,1025265.967
213,1408383992,8192,1.734210014,1024013.184
214,1408383992,8192,1.742219925,1022733.015
215,1408383992,8192,1.750230074,1022702.574
216,1408383992,8192,1.758209944,1026583.16
217,1408383992,8192,1.766220093,1022702.574
218,1408383992,8192,1.774179935,1029166.069
219,1408383992,8192,1.782219887,1018911.641
220,1408383992,8192,1.790169954,1030431.5
221,1408383992,8192,1.798180103,1022702.574
222,1408383992,8192,1.806200027,1021456.043
223,1408383992,8192,1.81388998,1065286.115
224,1408383992,8192,1.821559906,1068067.714
225,1408383992,8192,1.829240084,1066641.988
226,1408383992,8192,1.836810112,1082162.4
227,1408383992,8192,1.844439983,1073674.719
228,1408383992,8192,1.85209012,1070830.504
229,1408383992,8192,1.859719992,1073674.719
230,1408383992,8192,1.867330074,1076466.63
231,1408383992,8192,1.874959946,1073674.719
232,1408383992,8192,1.882649899,1065286.115
233,1408383992,8192,1.890259981,1076466.63
234,1408383992,8192,1.897910118,1070830.504
235,1408383992,8192,1.905590057,1066675.101
236,1408383992,8192,1.913199902,1076500.356
237,1408383992,8192,1.920840025,1072233.995
238,1408383992,8192,1.928450108,1076466.63
239,1408383992,8192,1.936089993,1072267.456
240,1408383992,8192,1.943720102,1073641.17
241,1408383992,8192,1.95152998,1048928.118
242,1408383992,8192,1.959110022,1080732.814
243,1408383992,8192,1.966730118,1075052.044
244,1408383992,8192,1.974349976,1075085.681
245,1408383992,8192,1.982000113,1070830.504
246,1408383992,8192,1.989720106,1061140.777
247,1408383992,8192,1.997289896,1082196.484
248,1408383992,8192,2.004930019,1072233.995
249,1408383992,8192,2.012579918,1070863.877
250,1408383992,8192,2.020230055,1070830.504
251,1408383992,8192,2.02786994,1072267.456
252,1408383992,8192,2.035510063,1072233.995
253,1408383992,8192,2.043139935,1073674.719
254,1408383992,8192,2.050760031,1075052.044
255,1408383992,8192,2.058419943,1069463.968
256,1408383992,8192,2.06614995,1059766.158
257,1408383992,8192,2.07385993,1062518.967
258,1408383992,8192,2.081360102,1092241.667
259,1408383992,8192,2.088959932,1077918.759
260,1408383992,8192,2.096590042,1073641.17
261,1408383992,8192,2.104269981,1066675.101
262,1408383992,8192,2.111900091,1073641.17
263,1408383992,8192,2.11954999,1070863.877
264,1408383992,8192,2.127199888,1070863.877
265,1408383992,8192,2.134860039,1069430.682
266,1408383992,8192,2.14248991,1073674.719
267,1408383992,8192,2.150190115,1063867.801
268,1408383992,8192,2.157860041,1068067.714
269,1408383993,8192,2.165499926,1072267.456
270,1408383993,8192,2.17317009,1068034.515
271,1408383993,8192,2.180789948,1075085.681
272,1408383993,8192,2.188440084,1070830.504
273,1408383993,8192,2.196069956,1073674.719
274,1408383993,8192,2.203680038,1076466.63
275,1408383993,8192,2.211319923,1072267.456
276,1408383993,8192,2.218950033,1073641.17
277,1408383993,8192,2.226609945,1069463.968
278,1408383993,8192,2.234380007,1054303.11
279,1408383993,8192,2.241909981,1087918.765
280,1408383993,8192,2.249560118,1070830.504
281,1408383993,8192,2.257189989,1073674.719
282,1408383993,8192,2.264849901,1069463.968
283,1408383993,8192,2.272490025,1072233.995
284,1408383993,8192,2.280119896,1073674.719
285,1408383993,8192,2.287760019,1072233.995
286,1408383993,8192,2.295399904,1072267.456
287,1408383993,8192,2.30302,1075052.044
288,1408383993,8192,2.310669899,1070863.877
289,1408383993,8192,2.318320036,1070830.504
290,1408383993,8192,2.325920105,1077884.944
291,1408383993,8192,2.333699942,1052978.406
292,1408383993,8192,2.341259956,1083595.773
293,1408383993,8192,2.348910093,1070830.504
294,1408383993,8192,2.356519938,1076500.356
295,1408383993,8192,2.364150047,1073641.17
296,1408383993,8192,2.371759892,1076500.356
297,1408383993,8192,2.379440069,1066641.988
298,1408383993,8192,2.387160063,1061140.777
299,1408383993,8192,2.394690037,1087918.765
300,1408383993,8192,2.40237999,1065286.115
301,1408383993,8192,2.409950018,1082162.4
302,1408383993,8192,2.417710066,1055663.585
303,1408383993,8192,2.42524004,1087918.765
304,1408383993,8192,2.432909966,1068067.714
305,1408383993,8192,2.440530062,1075052.044
306,1408383993,8192,2.448169947,1072267.456
307,1408383993,8192,2.4558599,1065286.115
308,1408383993,8192,2.463429928,1082162.4
309,1408383993,8192,2.471149921,1061140.777
310,1408383993,8192,2.478699923,1085032.948
311,1408383993,8192,2.486360073,1069430.682
312,1408383993,8192,2.493989944,1073674.719
313,1408383993,8192,2.501739979,1057027.575
314,1408383993,8192,2.509239912,1092276.389
315,1408383993,8192,2.517050028,1048896.098
316,1408383993,8192,2.524559975,1090819.974
317,1408383993,8192,2.532210112,1070830.504
318,1408383993,8192,2.539930105,1061140.777
319,1408383993,8192,2.547499895,1082196.484
320,1408383993,8192,2.5552001,1063867.801
321,1408383993,8192,2.562789917,1079340.905
322,1408383993,8192,2.570410013,1075052.044
323,1408383993,8192,2.578059912,1070863.877
324,1408383993,8192,2.585740089,1066641.988
325,1408383993,8192,2.593440056,1063900.742
326,1408383993,8192,2.601039886,1077918.759
327,1408383993,8192,2.608690023,1070830.504
328,1408383993,8192,2.616329908,1072267.456
329,1408383993,8192,2.623970032,1072233.995
330,1408383993,8192,2.631629944,1069463.968
331,1408383993,8192,2.639300108,1068034.515
332,1408383993,8192,2.64696002,1069463.968
333,1408383993,8192,2.654570103,1076466.63
334,1408383993,8192,2.662169933,1077918.759
335,1408383993,8192,2.669840097,1068034.515
336,1408383993,8192,2.677479982,1072267.456
337,1408383993,8192,2.685090065,1076466.63
338,1408383993,8192,2.69272995,1072267.456
339,1408383993,8192,2.700449944,1061140.777
340,1408383993,8192,2.708019972,1082162.4
341,1408383993,8192,2.715679884,1069463.968
342,1408383993,8192,2.723380089,1063867.801
343,1408383993,8192,2.730979919,1077918.759
344,1408383993,8192,2.738569975,1079307.001
345,1408383993,8192,2.746220112,1070830.504
346,1408383993,8192,2.753900051,1066675.101
347,1408383993,8192,2.761490107,1079307.001
348,1408383993,8192,2.769180059,1065286.115
349,1408383993,8192,2.776789904,1076500.356
350,1408383993,8192,2.784499884,1062518.967
351,1408383993,8192,2.792079926,1080732.814
352,1408383993,8192,2.799700022,1075052.044
353,1408384001,8192,10.80784011,1022.959128
354,1408384001,8192,10.81824994,786948.3388
355,1408384001,8192,10.82872009,782414.6275
356,1408384001,8192,10.83913994,786192.0732
357,1408384001,8192,10.84969997,775754.9528
358,1408384001,8192,10.86006999,789969.8441
359,1408384001,8192,10.87052011,783914.0875
360,1408384001,8192,10.88103008,779450.5324
361,1408384001,8192,10.89154005,779450.5324
362,1408384001,8192,10.90193009,788447.1504
363,1408384001,8192,10.91242003,780938.6419
364,1408384001,8192,10.92284012,786174.0846
365,1408384001,8192,10.93326998,785437.2598
366,1408384001,8192,10.94376993,780193.8776
367,1408384001,8192,10.95422006,783914.0875
368,1408384001,8192,10.96472001,780193.8776
369,1408384001,8192,10.97521996,780193.8776
370,1408384001,8192,10.98570991,780938.6419
371,1408384001,8192,10.99620008,780920.8929
372,1408384001,8192,11.00663996,784683.8944
373,1408384001,8192,11.01708007,784665.9747
374,1408384001,8192,11.02754998,782432.4445
375,1408384001,8192,11.03798008,785419.3057
376,1408384001,8192,11.04840994,785437.2598
377,1408384001,8192,11.05888009,782414.6275
378,1408384001,8192,11.06936002,781684.8296
379,1408384001,8192,11.07979989,784683.8944
380,1408384001,8192,11.09026003,783163.6398
381,1408384001,8192,11.10081005,776491.2626
382,1408384001,8192,11.11118007,789969.8441
383,1408384001,8192,11.12175012,775020.0381
384,1408384001,8192,11.13213992,788465.2432
385,1408384001,8192,11.14260006,783163.6398
386,1408384001,8192,11.15305996,783181.4909
387,1408384002,8192,11.16353989,781684.8296
388,1408384002,8192,11.17398,784665.9747
389,1408384002,8192,11.18446994,780938.6419
390,1408384002,8192,11.19489002,786174.0846
391,1408384002,8192,11.20542002,777968.0833
392,1408384002,8192,11.21587992,783181.4909
393,1408384002,8192,11.2263999,778708.6023
394,1408384002,8192,11.23685002,783914.0875
395,1408384002,8192,11.24727011,786174.0846
396,1408384002,8192,11.25783992,775037.5199
397,1408384002,8192,11.26820993,789969.8441
398,1408384002,8192,11.27863002,786174.0846
399,1408384002,8192,11.28918004,776491.2626
400,1408384002,8192,11.2995801,787688.0028
401,1408384002,8192,11.30999994,786192.0732
402,1408384002,8192,11.32045007,783914.0875
403,1408384002,8192,11.33089995,783931.9728
404,1408384002,8192,11.34138989,780938.6419
405,1408384002,8192,11.3519299,777228.9714
406,1408384002,8192,11.36229992,789969.8441
407,1408384002,8192,11.37276006,783163.6398
408,1408384002,8192,11.38327003,779450.5324
409,1408384002,8192,11.39375997,780938.6419
410,1408384002,8192,11.40415001,788447.1504
411,1408384002,8192,11.41460991,783181.4909
412,1408384002,8192,11.42507005,783163.6398
413,1408384002,8192,11.43554997,781684.8296
414,1408384002,8192,11.4460001,783914.0875
415,1408384002,8192,11.45649004,780938.6419
416,1408384002,8192,11.46693993,783931.9728
417,1408384002,8192,11.47741008,782414.6275
418,1408384002,8192,11.48784995,784683.8944
419,1408384002,8192,11.4983201,782414.6275
420,1408384002,8192,11.50881004,780938.6419
421,1408384002,8192,11.5192399,785437.2598
422,1408384002,8192,11.52977991,777228.9714
423,1408384002,8192,11.54022002,784665.9747
424,1408384002,8192,11.55062008,787688.0028
425,1408384002,8192,11.56107998,783181.4909
426,1408384002,8192,11.57154012,783163.6398
427,1408384002,8192,11.58201003,782432.4445
428,1408384002,8192,11.59245992,783931.9728
429,1408384002,8192,11.60291004,783914.0875
430,1408384002,8192,11.61337996,782432.4445
431,1408384002,8192,11.62385011,782414.6275
432,1408384002,8192,11.63431001,783181.4909
433,1408384002,8192,11.64481997,779450.5324
434,1408384002,8192,11.65523005,786930.3156
435,1408384002,8192,11.66579008,775754.9528
436,1408384002,8192,11.67615008,790733.3986
437,1408384002,8192,11.68662,782432.4445
438,1408384002,8192,11.69711995,780193.8776
439,1408384002,8192,11.70753002,786930.3156
440,1408384002,8192,11.71796989,784683.8944
441,1408384002,8192,11.72844005,782414.6275
442,1408384002,8192,11.73890996,782432.4445
443,1408384002,8192,11.7493999,780938.6419
444,1408384002,8192,11.75984001,784665.9747
445,1408384002,8192,11.77030993,782432.4445
446,1408384002,8192,11.78077006,783163.6398
447,1408384002,8192,11.79121995,783931.9728
448,1408384002,8192,11.80174994,777968.0833
449,1408384002,8192,11.81185007,811078.9691
450,1408384002,8192,11.82174993,827486.8956
451,1408384002,8192,11.83154011,836756.6512
452,1408384002,8192,11.84132004,837633.7974
453,1408384002,8192,11.85122991,826650.7487
454,1408384002,8192,11.86096001,841923.461
455,1408384002,8192,11.87080002,832519.3441
456,1408384002,8192,11.8807199,825816.2898
457,1408384002,8192,11.89047003,840194.1159
458,1408384002,8192,11.90033007,830828.3772
459,1408384002,8192,11.91011,837633.7974
460,1408384002,8192,11.91996002,831673.0011
461,1408384002,8192,11.9298501,828304.7676
462,1408384002,8192,11.93971992,830005.5165
463,1408384002,8192,11.94952989,835068.7398
464,1408384002,8192,11.9593699,832519.3441
465,1408384002,8192,11.96922994,830828.3772
466,1408384002,8192,11.9791801,823303.2628
467,1408384002,8192,11.98889995,842811.4788
468,1408384002,8192,11.99874997,831673.0011
469,1408384002,8192,12.00854993,835922.0117
470,1408384002,8192,12.01840997,830828.3772
471,1408384002,8192,12.02824998,832519.3441
472,1408384002,8192,12.03804994,835922.0117
473,1408384002,8192,12.04787993,833367.4113
474,1408384002,8192,12.05781007,824963.7063
475,1408384002,8192,12.06754994,841078.4874
476,1408384002,8192,12.07737994,833367.4113
477,1408384002,8192,12.08722997,831673.0011
478,1408384002,8192,12.09702992,835922.0117
479,1408384002,8192,12.10685992,833367.4113
480,1408384002,8192,12.11670995,831673.0011
481,1408384002,8192,12.12655997,831673.0011
482,1408384002,8192,12.13634992,836777.0291
483,1408384002,8192,12.14620996,830828.3772
484,1408384002,8192,12.15598989,837633.7974
485,1408384003,8192,12.16594005,823303.2628
486,1408384003,8192,12.17576003,834217.2081
487,1408384003,8192,12.18560004,832519.3441
488,1408384003,8192,12.19541001,835068.7398
489,1408384003,8192,12.20525002,832519.3441
490,1408384003,8192,12.21515012,827466.9677
491,1408384003,8192,12.22488999,841078.4874
492,1408384003,8192,12.23474002,831673.0011
493,1408384003,8192,12.24458003,832519.3441
494,1408384003,8192,12.25439,835068.7398
495,1408384003,8192,12.26424003,831673.0011
496,1408384003,8192,12.27409005,831673.0011
497,1408384003,8192,12.28384995,839352.6082
498,1408384003,8192,12.29378009,824963.7063
499,1408384003,8192,12.30350995,841944.0914
500,1408384003,8192,12.31335998,831673.0011
501,1408384003,8192,12.32329011,824963.7063
502,1408384003,8192,12.33300996,842811.4788
503,1408384003,8192,12.34288001,829985.4671
504,1408384003,8192,12.35273004,831673.0011
505,1408384003,8192,12.36252999,835922.0117
506,1408384003,8192,12.37238002,831673.0011
507,1408384003,8192,12.38218999,835068.7398
508,1408384003,8192,12.39201999,833367.4113
509,1408384003,8192,12.40189004,829985.4671
510,1408384003,8192,12.41174006,831673.0011
511,1408384003,8192,12.42159009,831673.0011
512,1408384003,8192,12.43144989,830848.4674
513,1408384003,8192,12.44125009,835901.6754
514,1408384003,8192,12.45115995,826650.7487
515,1408384003,8192,12.46086001,844530.8681
516,1408384003,8192,12.47080994,823322.9906
517,1408384003,8192,12.48057008,839332.1046
518,1408384003,8192,12.49038005,835068.7398
519,1408384003,8192,12.50024009,830828.3772
520,1408384003,8192,12.51005006,835068.7398
521,1408384003,8192,12.51987004,834217.2081
522,1408384003,8192,12.52980995,824152.4158
523,1408384003,8192,12.53953004,842790.806
524,1408384003,8192,12.54940009,829985.4671
525,1408384003,8192,12.55920005,835922.0117
526,1408384003,8192,12.56904006,832519.3441
527,1408384003,8192,12.57888007,832519.3441
528,1408384003,8192,12.58872008,832519.3441
529,1408384003,8192,12.59851003,836777.0291
530,1408384003,8192,12.60836005,831673.0011
531,1408384003,8192,12.61820006,832519.3441
532,1408384003,8192,12.62804008,832519.3441
533,1408384003,8192,12.6379199,829164.2744
534,1408384003,8192,12.64773011,835048.445
535,1408384003,8192,12.65752006,836777.0291
536,1408384003,8192,12.66742992,826650.7487
537,1408384003,8192,12.67720008,838471.8604
538,1408384003,8192,12.68716002,822495.2332
539,1408384003,8192,12.69687009,843659.9398
540,1408384003,8192,12.70672011,831673.0011
541,1408384003,8192,12.71658993,830005.5165
542,1408384003,8192,12.72634006,840194.1159
543,1408384003,8192,12.73619008,831673.0011
544,1408384003,8192,12.74602008,833367.4113
545,1408384003,8192,12.75585008,833367.4113
546,1408384003,8192,12.76574993,827486.8956
547,1408384003,8192,12.77551007,839332.1046
548,1408384003,8192,12.78534007,833367.4113
549,1408384003,8192,12.7951901,831673.0011
550,1408384003,8192,12.80503011,832519.3441
551,1408384003,8192,12.81377006,937305.3186
552,1408384003,8192,12.8224299,945975.9476
553,1408384003,8192,12.8311801,936207.1433
554,1408384003,8192,12.83969998,961514.9956
555,1408384003,8192,12.84835005,947044.9648
556,1408384003,8192,12.85700011,947044.9648
557,1408384003,8192,12.86578012,933029.3371
558,1408384003,8192,12.87433004,958136.649
559,1408384003,8192,12.8829999,944883.3563
560,1408384003,8192,12.89162993,949242.7098
561,1408384003,8192,12.90029001,945949.9041
562,1408384003,8192,12.90894008,947044.9648
563,1408384003,8192,12.91763997,941620.6733
564,1408384003,8192,12.92627001,949242.7098
565,1408384003,8192,12.93488002,951450.6789
566,1408384003,8192,12.94355011,944857.373
567,1408384003,8192,12.95226002,940538.1137
568,1408384003,8192,12.96085,953668.9436
569,1408384003,8192,12.96953011,943767.3625
570,1408384003,8192,12.97818995,945975.9476
571,1408384003,8192,12.98681998,949242.7098
572,1408384003,8192,12.99549007,944857.373
573,1408384003,8192,13.0041101,950345.4119
574,1408384003,8192,13.01276994,945975.9476
575,1408384003,8192,13.02146006,942679.8641
576,1408384003,8192,13.03009009,949242.7098
577,1408384003,8192,13.03876996,943793.2859
578,1408384003,8192,13.04741001,948142.5638
579,1408384003,8192,13.05603004,950345.4119
580,1408384003,8192,13.06467009,948142.5638
581,1408384003,8192,13.07337999,940538.1137
582,1408384003,8192,13.08201003,949242.7098
583,1408384003,8192,13.0906601,947044.9648
584,1408384003,8192,13.09937,940538.1137
585,1408384003,8192,13.10797,952558.5198
586,1408384003,8192,13.11666989,941620.6733
587,1408384003,8192,13.1252799,951450.6789
588,1408384003,8192,13.13391995,948142.5638
589,1408384003,8192,13.14258003,945949.9041
590,1408384003,8192,13.1512301,947044.9648
591,1408384003,8192,13.15988994,945975.9476
592,1408384004,8192,13.16850996,950345.4119
593,1408384004,8192,13.17719007,943767.3625
594,1408384004,8192,13.18583989,947071.0686
595,1408384004,8192,13.19452,943767.3625
596,1408384004,8192,13.20318007,945949.9041
597,1408384004,8192,13.21181011,949242.7098
598,1408384004,8192,13.22052002,940538.1137
599,1408384004,8192,13.22913003,951450.6789
600,1408384004,8192,13.23780012,944857.373
601,1408384004,8192,13.24641991,950371.698
602,1408384004,8192,13.25521994,930905.9433
603,1408384004,8192,13.2637701,958109.9316
604,1408384004,8192,13.27243996,944883.3563
605,1408384004,8192,13.28106999,949242.7098
606,1408384004,8192,13.28985,933029.3371
607,1408384004,8192,13.2985301,943767.3625
608,1408384004,8192,13.30712008,953668.9436
609,1408384004,8192,13.31574011,950345.4119
610,1408384004,8192,13.32442999,942705.7278
611,1408384004,8192,13.33305001,950345.4119
612,1408384004,8192,13.34179997,936232.6531
613,1408384004,8192,13.3503499,958136.649
614,1408384004,8192,13.35898995,948142.5638
615,1408384004,8192,13.36768007,942679.8641
616,1408384004,8192,13.37629008,951450.6789
617,1408384004,8192,13.38497996,942705.7278
618,1408384004,8192,13.39369988,939458.0404
619,1408384004,8192,13.40229011,953642.4748
620,1408384004,8192,13.41097999,942705.7278
621,1408384004,8192,13.41965008,944857.373
622,1408384004,8192,13.42825007,952558.5198
623,1408384004,8192,13.43688989,948168.7281
624,1408384004,8192,13.44554996,945949.9041
625,1408384004,8192,13.45424008,942679.8641
626,1408384004,8192,13.4628799,948168.7281
627,1408384004,8192,13.47152996,947044.9648
628,1408384004,8192,13.48021007,943767.3625
629,1408384004,8192,13.48885012,948142.5638
630,1408384004,8192,13.49754,942705.7278
631,1408384004,8192,13.50616002,950345.4119
632,1408384004,8192,13.51483011,944857.373
633,1408384004,8192,13.52348995,945975.9476
634,1408384004,8192,13.53215003,945949.9041
635,1408384004,8192,13.54077005,950345.4119
636,1408384004,8192,13.54942012,947044.9648
637,1408384004,8192,13.55807996,945975.9476
638,1408384004,8192,13.56674004,945949.9041
639,1408384004,8192,13.5754199,943793.2859
640,1408384004,8192,13.5840199,952558.5198
641,1408384004,8192,13.59268999,944857.373
642,1408384004,8192,13.60136008,944857.373
643,1408384004,8192,13.60999012,949242.7098
644,1408384004,8192,13.61864996,945975.9476
645,1408384004,8192,13.62738991,937305.3186
646,1408384004,8192,13.63597989,953668.9436
647,1408384004,8192,13.64459991,950345.4119
648,1408384004,8192,13.65324998,947044.9648
649,1408384004,8192,13.66190004,947044.9648
650,1408384004,8192,13.67056012,945949.9041
651,1408384004,8192,13.67920995,947071.0686
652,1408384004,8192,13.68783998,949242.7098
653,1408384004,8192,13.6965301,942679.8641
654,1408384004,8192,13.70519996,944883.3563
655,1408384004,8192,13.71382999,949242.7098
656,1408384004,8192,13.72250009,944857.373
657,1408384004,8192,13.73114991,947071.0686
658,1408384004,8192,13.73977995,949242.7098
659,1408384004,8192,13.7485199,937305.3186
660,1408384004,8192,13.75709009,955870.9834
661,1408384004,8192,13.76573992,947071.0686
662,1408384004,8192,13.77442002,943767.3625
663,1408384004,8192,13.7831099,942705.7278
664,1408384004,8192,13.79167008,956989.148
665,1408384004,8192,13.80032992,945975.9476
666,1408384004,8192,13.80886006,960359.3931
667,1408384004,8192,13.81692004,1016379.884
668,1408384004,8192,13.82505989,1006406.912
669,1408384004,8192,13.83324003,1001449.676
670,1408384004,8192,13.84135008,1010105.197
671,1408384004,8192,13.84952998,1001478.865
672,1408384004,8192,13.85757995,1017644.188
673,1408384004,8192,13.8657999,996598.8447
674,1408384004,8192,13.87374997,1030431.5
675,1408384004,8192,13.88188004,1007616.961
676,1408384004,8192,13.89001012,1007616.961
677,1408384004,8192,13.89811993,1010134.892
678,1408384004,8192,13.90626001,1006377.434
679,1408384004,8192,13.91434002,1013860.678
680,1408384004,8192,13.92254996,997814.3856
681,1408384004,8192,13.93065,1011353.929
682,1408384004,8192,13.93878007,1007616.961
683,1408384004,8192,13.94683003,1017644.188
684,1408384004,8192,13.95497012,1006377.434
685,1408384004,8192,13.96311998,1005170.359
686,1408384004,8192,13.9713099,1000254.385
687,1408384004,8192,13.97938991,1013860.678
688,1408384004,8192,13.98747993,1012605.752
689,1408384004,8192,13.99564004,1003907.508
690,1408384004,8192,14.00379992,1003936.841
691,1408384004,8192,14.01186991,1015118.718
692,1408384004,8192,14.0199399,1015118.718
693,1408384004,8192,14.02806997,1007616.961
694,1408384004,8192,14.03618002,1010105.197
695,1408384004,8192,14.04430008,1008859.545
696,1408384004,8192,14.05245996,1003936.841
697,1408384004,8192,14.06053996,1013860.678
698,1408384004,8192,14.06878996,992969.9265
699,1408384004,8192,14.07684994,1016379.884
700,1408384004,8192,14.08493996,1012605.752
701,1408384004,8192,14.09305,1010105.197
702,1408384004,8192,14.10114002,1012605.752
703,1408384004,8192,14.10923004,1012605.752
704,1408384004,8192,14.11740994,1001478.865
705,1408384004,8192,14.12549996,1012605.752
706,1408384004,8192,14.13364005,1006377.434
707,1408384004,8192,14.14181995,1001478.865
708,1408384004,8192,14.14999008,1002677.086
709,1408384004,8192,14.15802002,1020182.256
710,1408384005,8192,14.16613007,1010105.197
711,1408384005,8192,14.17429996,1002706.346
712,1408384005,8192,14.18237996,1013860.678
713,1408384005,8192,14.19052005,1006377.434
714,1408384005,8192,14.19865012,1007616.961
715,1408384005,8192,14.20672989,1013890.595
716,1408384005,8192,14.21491003,1001449.676
717,1408384005,8192,14.2230401,1007616.961
718,1408384005,8192,14.23118997,1005170.359
719,1408384005,8192,14.23934007,1005140.954
720,1408384005,8192,14.24740005,1016379.884
721,1408384005,8192,14.25552011,1008859.545
722,1408384005,8192,14.2636199,1011383.698
723,1408384005,8192,14.27172995,1010105.197
724,1408384005,8192,14.27983999,1010105.197
725,1408384005,8192,14.28801012,1002677.086
726,1408384005,8192,14.29611993,1010134.892
727,1408384005,8192,14.30418992,1015118.718
728,1408384005,8192,14.31230998,1008859.545
729,1408384005,8192,14.32043004,1008859.545
730,1408384005,8192,14.32854009,1010105.197
731,1408384005,8192,14.33673,1000254.385
732,1408384005,8192,14.34483004,1011353.929
733,1408384005,8192,14.35291004,1013860.678
734,1408384005,8192,14.36104012,1007616.961
735,1408384005,8192,14.36922002,1001478.865
736,1408384005,8192,14.37725997,1018911.641
737,1408384005,8192,14.38537002,1010105.197
738,1408384005,8192,14.39352989,1003936.841
739,1408384005,8192,14.40163994,1010105.197
740,1408384005,8192,14.40973997,1011353.929
741,1408384005,8192,14.41786003,1008859.545
742,1408384005,8192,14.42603993,1001478.865
743,1408384005,8192,14.43411994,1013860.678
744,1408384005,8192,14.44230008,1001449.676
745,1408384005,8192,14.45036006,1016379.884
746,1408384005,8192,14.45848012,1008859.545
747,1408384005,8192,14.46662998,1005170.359
748,1408384005,8192,14.47472,1012605.752
749,1408384005,8192,14.48283005,1010105.197
750,1408384005,8192,14.49096012,1007616.961
751,1408384005,8192,14.49921012,992969.9265
752,1408384005,8192,14.50725007,1018911.641
753,1408384005,8192,14.51540995,1003936.841
754,1408384005,8192,14.52343011,1021425.678
755,1408384005,8192,14.53156996,1006406.912
756,1408384005,8192,14.53968,1010105.197
757,1408384005,8192,14.54780006,1008859.545
758,1408384005,8192,14.55594993,1005170.359
759,1408384005,8192,14.56405997,1010105.197
760,1408384005,8192,14.5722599,999032.8953
761,1408384005,8192,14.58028007,1021425.678
762,1408384005,8192,14.58842993,1005170.359
763,1408384005,8192,14.59653997,1010105.197
764,1408384005,8192,14.60464001,1011353.929
765,1408384005,8192,14.61280012,1003907.508
766,1408384005,8192,14.62087989,1013890.595
767,1408384005,8192,14.62900996,1007616.961
768,1408384005,8192,14.63710999,1011353.929
769,1408384005,8192,14.64524007,1007616.961
770,1408384005,8192,14.6533401,1011353.929
771,1408384005,8192,14.66148996,1005170.359
772,1408384005,8192,14.66957998,1012605.752
773,1408384005,8192,14.6777401,1003907.508
774,1408384005,8192,14.68583989,1011383.698
775,1408384005,8192,14.69394994,1010105.197
776,1408384005,8192,14.70203996,1012605.752
777,1408384005,8192,14.71018004,1006377.434
778,1408384005,8192,14.71831012,1007616.961
779,1408384005,8192,14.72640991,1011383.698
780,1408384005,8192,14.73456001,1005140.954
781,1408384005,8192,14.74266005,1011353.929
782,1408384005,8192,14.75079989,1006406.912
783,1408384005,8192,14.75892997,1007616.961
784,1408384005,8192,14.76701999,1012605.752
785,1408384005,8192,14.77521992,999032.8953
786,1408384005,8192,14.78331995,1011353.929
787,1408384005,8192,14.79136992,1017644.188
788,1408384005,8192,14.79949999,1007616.961
789,1408384005,8192,14.80761003,1010105.197
790,1408384005,8192,14.81557012,1029135.243
791,1408384005,8192,14.82356,1025296.561
792,1408384005,8192,14.83158994,1020182.256
793,1408384005,8192,14.83958006,1025265.967
794,1408384005,8192,14.84758997,1022733.015
795,1408384005,8192,14.85558009,1025265.967
796,1408384005,8192,14.86356997,1025296.561
797,1408384005,8192,14.87154007,1027842.244
798,1408384005,8192,14.87955999,1021456.043
799,1408384005,8192,14.88755989,1024013.184
800,1408384005,8192,14.89558005,1021425.678
801,1408384005,8192,14.90355992,1026583.16
802,1408384005,8192,14.91152,1029135.243
803,1408384005,8192,14.91952991,1022733.015
804,1408384005,8192,14.92753005,1023982.666
805,1408384005,8192,14.93551993,1025296.561
806,1408384005,8192,14.94350004,1026552.489
807,1408384005,8192,14.95153999,1018911.641
808,1408384005,8192,14.95951009,1027842.244
809,1408384005,8192,14.96762991,1008889.167
810,1408384005,8192,14.97562003,1025265.967
811,1408384005,8192,14.98362994,1022733.015
812,1408384005,8192,14.99153996,1035649.346
813,1408384005,8192,14.99957991,1018911.641
814,1408384005,8192,15.00750995,1033033.834
815,1408384005,8192,15.01555991,1017644.188
816,1408384005,8192,15.0239799,972922.7083
817,1408384005,8192,15.0315001,1089332.901
818,1408384005,8192,15.03948998,1025296.561
819,1408384005,8192,15.04743004,1031731.026
820,1408384005,8192,15.05540991,1026583.16
821,1408384005,8192,15.06340003,1025265.967
822,1408384005,8192,15.07151008,1010105.197
823,1408384005,8192,15.07945991,1030462.403
824,1408384005,8192,15.08747005,1022702.574
825,1408384005,8192,15.09557009,1011353.929
826,1408384005,8192,15.10346007,1038278.136
827,1408384005,8192,15.11152005,1016379.884
828,1408384005,8192,15.11949992,1026583.16
829,1408384005,8192,15.12751007,1022702.574
830,1408384005,8192,15.13546991,1029166.069
831,1408384005,8192,15.14352012,1017614.049
832,1408384005,8192,15.15146995,1030462.403
833,1408384005,8192,15.15947008,1023982.666
834,1408384006,8192,15.16752005,1017644.188
835,1408384006,8192,15.17547989,1029166.069
836,1408384006,8192,15.18350005,1021425.678
837,1408384006,8192,15.19145989,1029166.069
838,1408384006,8192,15.19945002,1025265.967
839,1408384006,8192,15.20747995,1020182.256
840,1408384006,8192,15.21546006,1026552.489
841,1408384006,8192,15.22352004,1016379.884
842,1408384006,8192,15.23149991,1026583.16
843,1408384006,8192,15.23945999,1029135.243
844,1408384006,8192,15.24749994,1018911.641
845,1408384006,8192,15.25544,1031731.026
846,1408384006,8192,15.26346993,1020182.256
847,1408384006,8192,15.27148008,1022702.574
848,1408384006,8192,15.27943993,1029166.069
849,1408384006,8192,15.28768992,992969.9265
850,1408384006,8192,15.29595995,990565.2944
851,1408384006,8192,15.30433011,978714.7397
852,1408384006,8192,15.31270003,978742.6186
853,1408384006,8192,15.32104993,981090.1253
854,1408384006,8192,15.32936001,985790.801
855,1408384006,8192,15.33782005,968316.3783
856,1408384006,8192,15.34607005,992969.9265
857,1408384006,8192,15.35438991,984632.5759
858,1408384006,8192,15.36272001,983420.7724
859,1408384006,8192,15.37114,972922.7083
860,1408384006,8192,15.37943006,988172.2806
861,1408384006,8192,15.38776994,982268.1066
862,1408384006,8192,15.39611006,982240.0265
863,1408384006,8192,15.4044199,985819.0844
864,1408384006,8192,15.41280007,977545.2607
865,1408384006,8192,15.42112994,983448.92
866,1408384006,8192,15.42945004,984604.3605
867,1408384006,8192,15.43793011,966029.5313
868,1408384006,8192,15.44626999,982268.1066
869,1408384006,8192,15.45459008,984604.3605
870,1408384006,8192,15.46293998,981090.1253
871,1408384006,8192,15.47138,970614.0782
872,1408384006,8192,15.47970009,984604.3605
873,1408384006,8192,15.48800993,985819.0844
874,1408384006,8192,15.49636006,981062.1126
875,1408384006,8192,15.5046699,985819.0844
876,1408384006,8192,15.51302004,981062.1126
877,1408384006,8192,15.52135992,982268.1066
878,1408384006,8192,15.5297699,974081.1467
879,1408384006,8192,15.53805995,988172.2806
880,1408384006,8192,15.54635,988172.2806
881,1408384006,8192,15.55474997,975242.347
882,1408384006,8192,15.56311989,978742.6186
883,1408384006,8192,15.5713799,991766.1529
884,1408384006,8192,15.57972002,982240.0265
885,1408384006,8192,15.58807993,979914.966
886,1408384006,8192,15.59640002,984604.3605
887,1408384006,8192,15.6047399,982268.1066
888,1408384006,8192,15.61314011,975214.6672
889,1408384006,8192,15.62145996,984632.5759
890,1408384006,8192,15.62987995,972922.7083
891,1408384006,8192,15.63823009,981062.1126
892,1408384006,8192,15.64655995,983448.92
893,1408384006,8192,15.65490007,982240.0265
894,1408384006,8192,15.66333008,971767.0221
895,1408384006,8192,15.67161989,988200.7008
896,1408384006,8192,15.67990994,988172.2806
897,1408384006,8192,15.68829012,977545.2607
898,1408384006,8192,15.69664001,981090.1253
899,1408384006,8192,15.7049799,982268.1066
900,1408384006,8192,15.7133801,975214.6672
901,1408384006,8192,15.72169995,984632.5759
902,1408384006,8192,15.7300601,979887.0203
903,1408384006,8192,15.73838997,983448.92
904,1408384006,8192,15.74673009,982240.0265
905,1408384006,8192,15.75509,979914.966
906,1408384006,8192,15.7634201,983420.7724
907,1408384006,8192,15.77174997,983448.92
908,1408384006,8192,15.78004003,988172.2806
909,1408384006,8192,15.78839993,979914.966
910,1408384006,8192,15.79674006,982240.0265
911,1408384006,8192,15.80515003,974081.1467
912,1408384006,8192,15.81313992,1025296.561
913,1408384006,8192,15.82115006,1022702.574
914,1408384006,8192,15.82911992,1027872.992
915,1408384006,8192,15.83713007,1022702.574
916,1408384006,8192,15.84506989,1031762.007
917,1408384006,8192,15.85307002,1023982.666
918,1408384006,8192,15.86114001,1015118.718
919,1408384006,8192,15.86908007,1031731.026
920,1408384006,8192,15.87712002,1018911.641
921,1408384006,8192,15.88514996,1020182.256
922,1408384006,8192,15.89311004,1029135.243
923,1408384006,8192,15.90104008,1033033.834
924,1408384006,8192,15.90904999,1022733.015
925,1408384006,8192,15.91709995,1017644.188
926,1408384006,8192,15.92505002,1030431.5
927,1408384006,8192,15.93302989,1026583.16
928,1408384006,8192,15.94102001,1025265.967
929,1408384006,8192,15.9490099,1025296.561
930,1408384006,8192,15.95699,1026552.489
931,1408384006,8192,15.96503997,1017644.188
932,1408384006,8192,15.97299004,1030431.5
933,1408384006,8192,15.98102999,1018911.641
934,1408384006,8192,15.98898005,1030431.5
935,1408384006,8192,15.99704003,1016379.884
936,1408384006,8192,16.0049901,1030431.5
937,1408384006,8192,16.01296997,1026583.16
938,1408384006,8192,16.02099991,1020182.256
939,1408384006,8192,16.02897,1027842.244
940,1408384006,8192,16.0369401,1027842.244
941,1408384006,8192,16.04495001,1022733.015
942,1408384006,8192,16.05293012,1026552.489
943,1408384006,8192,16.06090999,1026583.16
944,1408384006,8192,16.0689199,1022733.015
945,1408384006,8192,16.07688999,1027842.244
946,1408384006,8192,16.08488989,1024013.184
947,1408384006,8192,16.09287,1026552.489
948,1408384006,8192,16.10086012,1025265.967
949,1408384006,8192,16.10887003,1022733.015
950,1408384006,8192,16.1168499,1026583.16
951,1408384006,8192,16.12489009,1018881.427
952,1408384006,8192,16.13285995,1027872.992
953,1408384006,8192,16.14084005,1026552.489
954,1408384006,8192,16.14886999,1020182.256
955,1408384006,8192,16.15682006,1030431.5
956,1408384007,8192,16.16479993,1026583.16
957,1408384007,8192,16.17280006,1023982.666
958,1408384007,8192,16.18080997,1022733.015
959,1408384007,8192,16.18876004,1030431.5
960,1408384007,8192,16.19677997,1021456.043
961,1408384007,8192,16.20475006,1027842.244
962,1408384007,8192,16.21272993,1026583.16
963,1408384007,8192,16.22072005,1025265.967
964,1408384007,8192,16.22868991,1027872.992
965,1408384007,8192,16.23669004,1023982.666
966,1408384007,8192,16.24470997,1021456.043
967,1408384007,8192,16.25266004,1030431.5
968,1408384007,8192,16.26066995,1022733.015
969,1408384007,8192,16.26869988,1020182.256
970,1408384007,8192,16.27664995,1030431.5
971,1408384007,8192,16.28463006,1026552.489
972,1408384007,8192,16.29263997,1022733.015
973,1408384007,8192,16.30060005,1029135.243
974,1408384007,8192,16.30860996,1022733.015
975,1408384007,8192,16.3166101,1023982.666
976,1408384007,8192,16.32459998,1025296.561
977,1408384007,8192,16.33255005,1030431.5
978,1408384007,8192,16.34060001,1017644.188
979,1408384007,8192,16.34854007,1031731.026
980,1408384007,8192,16.35651994,1026583.16
981,1408384007,8192,16.36457992,1016379.884
982,1408384007,8192,16.37258005,1023982.666
983,1408384007,8192,16.38054991,1027872.992
984,1408384007,8192,16.38857007,1021425.678
985,1408384007,8192,16.39653993,1027872.992
986,1408384007,8192,16.40456009,1021425.678
987,1408384007,8192,16.41257,1022733.015
988,1408384007,8192,16.42053008,1029135.243
989,1408384007,8192,16.42853999,1022733.015
990,1408384007,8192,16.4365499,1022733.015
991,1408384007,8192,16.44454002,1025265.967
992,1408384007,8192,16.45254993,1022733.015
993,1408384007,8192,16.46053004,1026552.489
994,1408384007,8192,16.46851993,1025296.561
995,1408384007,8192,16.47658992,1015118.718
996,1408384007,8192,16.48452997,1031731.026
997,1408384007,8192,16.49249005,1029135.243
998,1408384007,8192,16.50047994,1025296.561
999,1408384007,8192,16.50851011,1020151.966
1000,1408384007,8192,16.5165,1025296.561
1001,1408384007,8192,16.52449012,1025265.967
1002,1408384007,8192,16.53253007,1018911.641
1003,1408384007,8192,16.54050994,1026583.16
1004,1408384007,8192,16.54854989,1018911.641
1005,1408384007,8192,16.55653,1026552.489
1006,1408384007,8192,16.5645299,1024013.184
1007,1408384007,8192,16.57245994,1033033.834
1008,1408384007,8192,16.58049011,1020151.966
1009,1408384007,8192,16.58851004,1021456.043
1010,1408384007,8192,16.59644008,1033033.834
1011,1408384007,8192,16.60443997,1024013.184
1012,1408384007,8192,16.61246991,1020182.256
1013,1408384007,8192,16.62046003,1025265.967
1014,1408384007,8192,16.62847996,1021456.043
1015,1408384007,8192,16.63646007,1026552.489
1016,1408384007,8192,16.64441991,1029166.069
1017,1408384007,8192,16.65247011,1017614.049
1018,1408384007,8192,16.66037989,1035680.563
1019,1408384007,8192,16.66845989,1013860.678
1020,1408384007,8192,16.67642999,1027842.244
1021,1408384007,8192,16.68445992,1020182.256
1022,1408384007,8192,16.69240999,1030431.5
1023,1408384007,8192,16.70040011,1025265.967
1024,1408384007,8192,16.70844007,1018911.641
1025,1408384007,8192,16.71641994,1026583.16
1026,1408384007,8192,16.72442007,1023982.666
1027,1408384007,8192,16.73240995,1025296.561
1028,1408384007,8192,16.74037004,1029135.243
1029,1408384007,8192,16.74842,1017644.188
1030,1408384007,8192,16.75637007,1030431.5
1031,1408384007,8192,16.76438999,1021456.043
1032,1408384007,8192,16.7723701,1026552.489
1033,1408384007,8192,16.78035998,1025296.561
1034,1408384007,8192,16.78836012,1023982.666
1035,1408384007,8192,16.79638004,1021456.043
1036,1408384007,8192,16.80445004,1015118.718
1037,1408384007,8192,16.81208992,1072267.456
1038,1408384007,8192,16.81972003,1073641.17
1039,1408384007,8192,16.82746005,1058395.095
1040,1408384007,8192,16.83499002,1087918.765
1041,1408384007,8192,16.84262991,1072267.456
1042,1408384007,8192,16.85028005,1070830.504
1043,1408384007,8192,16.85795999,1066675.101
1044,1408384007,8192,16.86560988,1070863.877
1045,1408384007,8192,16.87322998,1075052.044
1046,1408384007,8192,16.88084006,1076466.63
1047,1408384007,8192,16.88858008,1058395.095
1048,1408384007,8192,16.89613008,1085032.948
1049,1408384007,8192,16.90379,1069463.968
1050,1408384007,8192,16.91143012,1072233.995
1051,1408384007,8192,16.91917992,1057060.094
1052,1408384007,8192,16.9266901,1090785.345
1053,1408384007,8192,16.93435001,1069463.968
1054,1408384007,8192,16.94197011,1075052.044
1055,1408384007,8192,16.94971991,1057060.094
1056,1408384007,8192,16.95727992,1083595.773
1057,1408384007,8192,16.96491003,1073641.17
1058,1408384007,8192,16.97256994,1069463.968
1059,1408384007,8192,16.98022008,1070830.504
1060,1408384007,8192,16.98782992,1076500.356
1061,1408384007,8192,16.99548006,1070830.504
1062,1408384007,8192,17.00313997,1069463.968
1063,1408384007,8192,17.01073003,1079307.001
1064,1408384007,8192,17.01837993,1070863.877
1065,1408384007,8192,17.02604008,1069430.682
1066,1408384007,8192,17.0338099,1054335.462
1067,1408384007,8192,17.04134989,1086473.94
1068,1408384007,8192,17.04904008,1065253.088
1069,1408384007,8192,17.05665994,1075085.681
1070,1408384007,8192,17.0643301,1068034.515
1071,1408384007,8192,17.07193995,1076500.356
1072,1408384007,8192,17.07956004,1075052.044
1073,1408384007,8192,17.08722997,1068067.714
1074,1408384007,8192,17.09485006,1075052.044
1075,1408384007,8192,17.10247993,1073674.719
1076,1408384007,8192,17.11016011,1066641.988
1077,1408384007,8192,17.11783004,1068067.714
1078,1408384007,8192,17.12546992,1072267.456
1079,1408384007,8192,17.13309002,1075052.044
1080,1408384007,8192,17.14073992,1070863.877
1081,1408384007,8192,17.14835,1076466.63
1082,1408384007,8192,17.15598989,1072267.456
1083,1408384008,8192,17.16367006,1066641.988
1084,1408384008,8192,17.17132998,1069463.968
1085,1408384008,8192,17.17892003,1079307.001
1086,1408384008,8192,17.18660998,1065286.115
1087,1408384008,8192,17.1942699,1069463.968
1088,1408384008,8192,17.20196009,1065253.088
1089,1408384008,8192,17.20965004,1065286.115
1090,1408384008,8192,17.2172401,1079307.001
1091,1408384008,8192,17.22492003,1066675.101
1092,1408384008,8192,17.23251009,1079307.001
1093,1408384008,8192,17.24015999,1070863.877
1094,1408384008,8192,17.24778008,1075052.044
1095,1408384008,8192,17.25544,1069463.968
1096,1408384008,8192,17.26317,1059766.158
1097,1408384008,8192,17.27072001,1085032.948
1098,1408384008,8192,17.27835011,1073641.17
1099,1408384008,8192,17.28599,1072267.456
1100,1408384008,8192,17.2936101,1075052.044
1101,1408384008,8192,17.30124998,1072267.456
1102,1408384008,8192,17.30888009,1073641.17
1103,1408384008,8192,17.31651998,1072267.456
1104,1408384008,8192,17.32421994,1063900.742
1105,1408384008,8192,17.33182001,1077884.944
1106,1408384008,8192,17.33949995,1066675.101
1107,1408384008,8192,17.34717989,1066675.101
1108,1408384008,8192,17.35474992,1082162.4
1109,1408384008,8192,17.36236,1076466.63
1110,1408384008,8192,17.37001991,1069463.968
1111,1408384008,8192,17.3777101,1065253.088
1112,1408384008,8192,17.38528991,1080766.808
1113,1408384008,8192,17.39294004,1070830.504
1114,1408384008,8192,17.4005301,1079307.001
1115,1408384008,8192,17.40818,1070863.877
1116,1408384008,8192,17.4158299,1070863.877
1117,1408384008,8192,17.42346001,1073641.17
1118,1408384008,8192,17.43109012,1073641.17
1119,1408384008,8192,17.43875003,1069463.968
1120,1408384008,8192,17.44640994,1069463.968
1121,1408384008,8192,17.45403004,1075052.044
1122,1408384008,8192,17.4618299,1050274.748
1123,1408384008,8192,17.46932006,1093701.883
1124,1408384008,8192,17.47696996,1070863.877
1125,1408384008,8192,17.48465991,1065286.115
1126,1408384008,8192,17.49225998,1077884.944
1127,1408384008,8192,17.49988008,1075052.044
1128,1408384008,8192,17.50752997,1070863.877
1129,1408384008,8192,17.51522994,1063900.742
1130,1408384008,8192,17.52282,1079307.001
1131,1408384008,8192,17.53046012,1072233.995
1132,1408384008,8192,17.53808999,1073674.719
1133,1408384008,8192,17.54583001,1058395.095
1134,1408384008,8192,17.55344009,1076466.63
1135,1408384008,8192,17.56107998,1072267.456
1136,1408384008,8192,17.56873012,1070830.504
1137,1408384008,8192,17.57635999,1073674.719
1138,1408384008,8192,17.5840199,1069463.968
1139,1408384008,8192,17.59162998,1076466.63
1140,1408384008,8192,17.59928989,1069463.968
1141,1408384008,8192,17.60693002,1072233.995
1142,1408384008,8192,17.6145699,1072267.456
1143,1408384008,8192,17.62221003,1072233.995
1144,1408384008,8192,17.62995005,1058395.095
1145,1408384008,8192,17.63755012,1077884.944
1146,1408384008,8192,17.64524007,1065286.115
1147,1408384008,8192,17.65280008,1083595.773
1148,1408384008,8192,17.66051006,1062518.967
1149,1408384008,8192,17.66812992,1075085.681
1150,1408384008,8192,17.67578006,1070830.504
1151,1408384008,8192,17.68339992,1075085.681
1152,1408384008,8192,17.69115996,1055663.585
1153,1408384008,8192,17.69869995,1086473.94
1154,1408384008,8192,17.70634007,1072233.995
1155,1408384008,8192,17.71395993,1075085.681
1156,1408384008,8192,17.72164011,1066641.988
1157,1408384008,8192,17.72927999,1072267.456
1158,1408384008,8192,17.7369101,1073641.17
1159,1408384008,8192,17.74451995,1076500.356
1160,1408384008,8192,17.7521801,1069430.682
1161,1408384008,8192,17.75978994,1076500.356
1162,1408384008,8192,17.76741004,1075052.044
1163,1408384008,8192,17.7750299,1075085.681
1164,1408384008,8192,17.78267002,1072233.995
1165,1408384008,8192,17.79032993,1069463.968
1166,1408384008,8192,17.79799008,1069430.682
1167,1408384008,8192,17.80565,1069463.968
1168,1408384016,8192,25.81597996,1022.67947
1169,1408384016,8192,25.82635999,789207.7628
1170,1408384016,8192,25.83687997,778708.6023
1171,1408384016,8192,25.84735012,782414.6275
1172,1408384016,8192,25.85785007,780193.8776
1173,1408384016,8192,25.86820006,791498.4305
1174,1408384016,8192,25.87866998,782432.4445
1175,1408384016,8192,25.88913012,783163.6398
1176,1408384016,8192,25.89958,783931.9728
1177,1408384016,8192,25.91002011,784665.9747
1178,1408384016,8192,25.92050004,781684.8296
1179,1408384016,8192,25.93097997,781684.8296
1180,1408384016,8192,25.94142008,784665.9747
1181,1408384016,8192,25.95186996,783931.9728
1182,1408384016,8192,25.96239996,777968.0833
1183,1408384016,8192,25.97282004,786174.0846
1184,1408384016,8192,25.9834199,772841.0078
1185,1408384016,8192,25.99381995,787688.0028
1186,1408384016,8192,26.00417995,790733.3986
1187,1408384016,8192,26.01467991,780193.8776
1188,1408384016,8192,26.02513003,783914.0875
1189,1408384016,8192,26.03560996,781684.8296
1190,1408384016,8192,26.04603004,786174.0846
1191,1408384016,8192,26.05649996,782432.4445
1192,1408384016,8192,26.0671699,767763.9123
1193,1408384016,8192,26.0775001,793014.6411
1194,1408384016,8192,26.08800006,780193.8776
1195,1408384016,8192,26.09840989,786948.3388
1196,1408384016,8192,26.10890007,780920.8929
1197,1408384016,8192,26.11932993,785437.2598
1198,1408384016,8192,26.12984991,778708.6023
1199,1408384016,8192,26.14023995,788447.1504
1200,1408384016,8192,26.15074992,779450.5324
1201,1408384016,8192,26.16122007,782414.6275
1202,1408384017,8192,26.17165995,784683.8944
1203,1408384017,8192,26.1821599,780193.8776
1204,1408384017,8192,26.19261003,783914.0875
1205,1408384017,8192,26.20315003,777228.9714
1206,1408384017,8192,26.21357012,786174.0846
1207,1408384017,8192,26.22398996,786192.0732
1208,1408384017,8192,26.2344501,783163.6398
1209,1408384017,8192,26.24491,783181.4909
1210,1408384017,8192,26.25537992,782432.4445
1211,1408384017,8192,26.26591992,777228.9714
1212,1408384017,8192,26.27636003,784665.9747
1213,1408384017,8192,26.28687,779450.5324
1214,1408384017,8192,26.2973001,785419.3057
1215,1408384017,8192,26.30776,783181.4909
1216,1408384017,8192,26.3181901,785419.3057
1217,1408384017,8192,26.32871008,778708.6023
1218,1408384017,8192,26.33920002,780938.6419
1219,1408384017,8192,26.34963989,784683.8944
1220,1408384017,8192,26.3601501,779432.8509
1221,1408384017,8192,26.37067008,778708.6023
1222,1408384017,8192,26.38108993,786192.0732
1223,1408384017,8192,26.39152002,785419.3057
1224,1408384017,8192,26.40200996,780938.6419
1225,1408384017,8192,26.41240001,788447.1504
1226,1408384017,8192,26.42297006,775020.0381
1227,1408384017,8192,26.43337011,787688.0028
1228,1408384017,8192,26.44377995,786948.3388
1229,1408384017,8192,26.45422006,784665.9747
1230,1408384017,8192,26.46467996,783181.4909
1231,1408384017,8192,26.4751699,780938.6419
1232,1408384017,8192,26.48558998,786174.0846
1233,1408384017,8192,26.49611998,777968.0833
1234,1408384017,8192,26.50653005,786930.3156
1235,1408384017,8192,26.51697993,783931.9728
1236,1408384017,8192,26.52747011,780920.8929
1237,1408384017,8192,26.53808999,771383.5702
1238,1408384017,8192,26.54843998,791498.4305
1239,1408384017,8192,26.55890989,782432.4445
1240,1408384017,8192,26.56941009,780176.1624
1241,1408384017,8192,26.57989001,781684.8296
1242,1408384017,8192,26.59029007,787688.0028
1243,1408384017,8192,26.60070992,786192.0732
1244,1408384017,8192,26.61125994,776491.2626
1245,1408384017,8192,26.62173009,782414.6275
1246,1408384017,8192,26.63214993,786192.0732
1247,1408384017,8192,26.64262009,782414.6275
1248,1408384017,8192,26.65305996,784683.8944
1249,1408384017,8192,26.66351008,783914.0875
1250,1408384017,8192,26.67394996,784683.8944
1251,1408384017,8192,26.6844101,783163.6398
1252,1408384017,8192,26.69488001,782432.4445
1253,1408384017,8192,26.7053299,783931.9728
1254,1408384017,8192,26.71585989,777968.0833
1255,1408384017,8192,26.72635007,780920.8929
1256,1408384017,8192,26.73679996,783931.9728
1257,1408384017,8192,26.74725008,783914.0875
1258,1408384017,8192,26.75775003,780193.8776
1259,1408384017,8192,26.76817012,786174.0846
1260,1408384017,8192,26.77866006,780938.6419
1261,1408384017,8192,26.78920007,777228.9714
1262,1408384017,8192,26.79955006,791498.4305
1263,1408384017,8192,26.80984998,795345.9033
1264,1408384017,8192,26.81961012,839332.1046
1265,1408384017,8192,26.82942009,835068.7398
1266,1408384017,8192,26.8392601,832519.3441
1267,1408384017,8192,26.84905005,836777.0291
1268,1408384017,8192,26.85887003,834217.2081
1269,1408384017,8192,26.86872005,831673.0011
1270,1408384017,8192,26.87852001,835922.0117
1271,1408384017,8192,26.88838005,830828.3772
1272,1408384017,8192,26.89821005,833367.4113
1273,1408384017,8192,26.90812993,825816.2898
1274,1408384017,8192,26.91797996,831673.0011
1275,1408384017,8192,26.9277699,836777.0291
1276,1408384017,8192,26.9375701,835901.6754
1277,1408384017,8192,26.94743991,830005.5165
1278,1408384017,8192,26.95721006,838471.8604
1279,1408384017,8192,26.96703005,834217.2081
1280,1408384017,8192,26.97693992,826650.7487
1281,1408384017,8192,26.9867301,836756.6512
1282,1408384017,8192,26.99649,839352.6082
1283,1408384017,8192,27.00628996,835922.0117
1284,1408384017,8192,27.01615,830828.3772
1285,1408384017,8192,27.02600002,831673.0011
1286,1408384017,8192,27.03585005,831673.0011
1287,1408384017,8192,27.04587007,817563.4323
1288,1408384017,8192,27.05548,852450.8986
1289,1408384017,8192,27.06527996,835922.0117
1290,1408384017,8192,27.07515001,829985.4671
1291,1408384017,8192,27.08490992,839352.6082
1292,1408384017,8192,27.0947299,834217.2081
1293,1408384017,8192,27.10454988,834217.2081
1294,1408384017,8192,27.11439991,831673.0011
1295,1408384017,8192,27.12418008,837613.3777
1296,1408384017,8192,27.13400006,834217.2081
1297,1408384017,8192,27.14380002,835922.0117
1298,1408384017,8192,27.15365005,831673.0011
1299,1408384018,8192,27.17410994,400393.1523
1300,1408384018,8192,27.18388009,838471.8604
1301,1408384018,8192,27.1937201,832519.3441
1302,1408384018,8192,27.20346999,840214.6615
1303,1408384018,8192,27.21325994,836777.0291
1304,1408384018,8192,27.22319007,824963.7063
1305,1408384018,8192,27.23285007,848032.6374
1306,1408384018,8192,27.24260998,839352.6082
1307,1408384018,8192,27.25237989,838492.3219
1308,1408384018,8192,27.26208997,843659.9398
1309,1408384018,8192,27.27189994,835068.7398
1310,1408384018,8192,27.28172994,833367.4113
1311,1408384018,8192,27.29149008,839332.1046
1312,1408384018,8192,27.30135989,830005.5165
1313,1408384018,8192,27.31121993,830828.3772
1314,1408384018,8192,27.32101011,836756.6512
1315,1408384018,8192,27.33081007,835922.0117
1316,1408384018,8192,27.34067988,830005.5165
1317,1408384018,8192,27.35049009,835048.445
1318,1408384018,8192,27.3603301,832519.3441
1319,1408384018,8192,27.37014008,835068.7398
1320,1408384018,8192,27.37997007,833367.4113
1321,1408384018,8192,27.38986993,827486.8956
1322,1408384018,8192,27.39961004,841057.8995
1323,1408384018,8192,27.40944004,833367.4113
1324,1408384018,8192,27.41932011,829144.2656
1325,1408384018,8192,27.42909002,838492.3219
1326,1408384018,8192,27.43891001,834217.2081
1327,1408384018,8192,27.44874001,833367.4113
1328,1408384018,8192,27.45852995,836777.0291
1329,1408384018,8192,27.46842003,828304.7676
1330,1408384018,8192,27.47817993,839352.6082
1331,1408384018,8192,27.48799992,834217.2081
1332,1408384018,8192,27.49793005,824963.7063
1333,1408384018,8192,27.50768995,839352.6082
1334,1408384018,8192,27.5174799,836777.0291
1335,1408384018,8192,27.52736998,828304.7676
1336,1408384018,8192,27.5371201,840194.1159
1337,1408384018,8192,27.54694009,834217.2081
1338,1408384018,8192,27.55682993,828324.7359
1339,1408384018,8192,27.56665993,833367.4113
1340,1408384018,8192,27.57645011,836756.6512
1341,1408384018,8192,27.58628011,833367.4113
1342,1408384018,8192,27.59609008,835068.7398
1343,1408384018,8192,27.60597992,828324.7359
1344,1408384018,8192,27.61581993,832519.3441
1345,1408384018,8192,27.62558007,839332.1046
1346,1408384018,8192,27.63544011,830828.3772
1347,1408384018,8192,27.6452601,834217.2081
1348,1408384018,8192,27.65517998,825816.2898
1349,1408384018,8192,27.66489005,843659.9398
1350,1408384018,8192,27.6747601,829985.4671
1351,1408384018,8192,27.68455005,836777.0291
1352,1408384018,8192,27.69436002,835068.7398
1353,1408384018,8192,27.70422006,830828.3772
1354,1408384018,8192,27.71399999,837633.7974
1355,1408384018,8192,27.72386003,830828.3772
1356,1408384018,8192,27.73373008,829985.4671
1357,1408384018,8192,27.74348998,839352.6082
1358,1408384018,8192,27.75332999,832519.3441
1359,1408384018,8192,27.76318002,831673.0011
1360,1408384018,8192,27.77296996,836777.0291
1361,1408384018,8192,27.78276992,835922.0117
1362,1408384018,8192,27.79267001,827466.9677
1363,1408384018,8192,27.80246997,835922.0117
1364,1408384018,8192,27.81147003,910215.8565
1365,1408384018,8192,27.82011008,948142.5638
1366,1408384018,8192,27.82877994,944883.3563
1367,1408384018,8192,27.83741999,948142.5638
1368,1408384018,8192,27.84612012,941594.8691
1369,1408384018,8192,27.85475993,948168.7281
1370,1408384018,8192,27.86341,947044.9648
1371,1408384018,8192,27.87210011,942679.8641
1372,1408384018,8192,27.88072991,949268.9349
1373,1408384018,8192,27.88941002,943767.3625
1374,1408384018,8192,27.89810991,941620.6733
1375,1408384018,8192,27.90673995,949242.7098
1376,1408384018,8192,27.91539001,947044.9648
1377,1408384018,8192,27.92409992,940538.1137
1378,1408384018,8192,27.93276,945949.9041
1379,1408384018,8192,27.94146991,940538.1137
1380,1408384018,8192,27.95010996,948142.5638
1381,1408384018,8192,27.95875001,948142.5638
1382,1408384018,8192,27.96739006,948142.5638
1383,1408384018,8192,27.97615004,935162.4399
1384,1408384018,8192,27.98478007,949242.7098
1385,1408384018,8192,27.99345994,943793.2859
1386,1408384018,8192,28.00207996,950345.4119
1387,1408384018,8192,28.01079988,939458.0404
1388,1408384018,8192,28.01942992,949242.7098
1389,1408384018,8192,28.02809,945949.9041
1390,1408384018,8192,28.03672004,949242.7098
1391,1408384018,8192,28.04541993,941620.6733
1392,1408384018,8192,28.05407,947044.9648
1393,1408384018,8192,28.06279993,938380.4448
1394,1408384018,8192,28.07142997,949242.7098
1395,1408384018,8192,28.08007002,948142.5638
1396,1408384018,8192,28.08877993,940538.1137
1397,1408384018,8192,28.09739995,950345.4119
1398,1408384018,8192,28.10609007,942679.8641
1399,1408384018,8192,28.11473012,948142.5638
1400,1408384018,8192,28.12336993,948168.7281
1401,1408384018,8192,28.13207006,941594.8691
1402,1408384018,8192,28.1407001,949242.7098
1403,1408384018,8192,28.14935994,945975.9476
1404,1408384018,8192,28.15806007,941594.8691
1405,1408384019,8192,28.1667099,947071.0686
1406,1408384019,8192,28.17537999,944857.373
1407,1408384019,8192,28.18404007,945949.9041
1408,1408384019,8192,28.19270992,944883.3563
1409,1408384019,8192,28.20135999,947044.9648
1410,1408384019,8192,28.21009994,937305.3186
1411,1408384019,8192,28.21870995,951450.6789
1412,1408384019,8192,28.22742009,940512.3688
1413,1408384019,8192,28.23606992,947071.0686
1414,1408384019,8192,28.24470997,948142.5638
1415,1408384019,8192,28.25340009,942679.8641
1416,1408384019,8192,28.26206994,944883.3563
1417,1408384019,8192,28.27072001,947044.9648
1418,1408384019,8192,28.27937007,947044.9648
1419,1408384019,8192,28.28805995,942705.7278
1420,1408384019,8192,28.29672003,945949.9041
1421,1408384019,8192,28.30537009,947044.9648
1422,1408384019,8192,28.31403995,944883.3563
1423,1408384019,8192,28.32269001,947044.9648
1424,1408384019,8192,28.3313601,944857.373
1425,1408384019,8192,28.34016991,929873.031
1426,1408384019,8192,28.3487699,952558.5198
1427,1408384019,8192,28.35742998,945949.9041
1428,1408384019,8192,28.36613011,941594.8691
1429,1408384019,8192,28.37478995,945975.9476
1430,1408384019,8192,28.38345003,945949.9041
1431,1408384019,8192,28.39222002,934094.6707
1432,1408384019,8192,28.40086007,948142.5638
1433,1408384019,8192,28.40949988,948168.7281
1434,1408384019,8192,28.41813993,948142.5638
1435,1408384019,8192,28.42683005,942679.8641
1436,1408384019,8192,28.43546009,949242.7098
1437,1408384019,8192,28.44414997,942705.7278
1438,1408384019,8192,28.45280004,947044.9648
1439,1408384019,8192,28.46149993,941620.6733
1440,1408384019,8192,28.47016001,945949.9041
1441,1408384019,8192,28.47880006,948142.5638
1442,1408384019,8192,28.48747993,943793.2859
1443,1408384019,8192,28.49615002,944857.373
1444,1408384019,8192,28.50482011,944857.373
1445,1408384019,8192,28.51344991,949268.9349
1446,1408384019,8192,28.52216005,940512.3688
1447,1408384019,8192,28.53081989,945975.9476
1448,1408384019,8192,28.53948998,944857.373
1449,1408384019,8192,28.54821992,938380.4448
1450,1408384019,8192,28.55681992,952558.5198
1451,1408384019,8192,28.56549001,944857.373
1452,1408384019,8192,28.57417011,943767.3625
1453,1408384019,8192,28.58282995,945975.9476
1454,1408384019,8192,28.59150004,944857.373
1455,1408384019,8192,28.6001699,944883.3563
1456,1408384019,8192,28.60883999,944857.373
1457,1408384019,8192,28.61750007,945949.9041
1458,1408384019,8192,28.62621999,939458.0404
1459,1408384019,8192,28.63487005,947044.9648
1460,1408384019,8192,28.64352012,947044.9648
1461,1408384019,8192,28.65227008,936232.6531
1462,1408384019,8192,28.6608901,950345.4119
1463,1408384019,8192,28.66959,941620.6733
1464,1408384019,8192,28.67825007,945949.9041
1465,1408384019,8192,28.68688011,949242.7098
1466,1408384019,8192,28.69559002,940538.1137
1467,1408384019,8192,28.70430994,939458.0404
1468,1408384019,8192,28.7128799,955897.576
1469,1408384019,8192,28.72152996,947044.9648
1470,1408384019,8192,28.73022008,942679.8641
1471,1408384019,8192,28.73888993,944883.3563
1472,1408384019,8192,28.74756002,944857.373
1473,1408384019,8192,28.75623989,943793.2859
1474,1408384019,8192,28.76494002,941594.8691
1475,1408384019,8192,28.77357006,949242.7098
1476,1408384019,8192,28.78231001,937305.3186
1477,1408384019,8192,28.79097009,945949.9041
1478,1408384019,8192,28.79963994,944883.3563
1479,1408384019,8192,28.80820012,956989.148
1480,1408384019,8192,28.81630993,1010134.892
1481,1408384019,8192,28.82448006,1002677.086
1482,1408384019,8192,28.83262992,1005170.359
1483,1408384019,8192,28.84072995,1011353.929
1484,1408384019,8192,28.84885001,1008859.545
1485,1408384019,8192,28.85702991,1001478.865
1486,1408384019,8192,28.86512995,1011353.929
1487,1408384019,8192,28.87325001,1008859.545
1488,1408384019,8192,28.88147998,995386.2617
1489,1408384019,8192,28.88955998,1013860.678
1490,1408384019,8192,28.89778996,995386.2617
1491,1408384019,8192,28.90595007,1003907.508
1492,1408384019,8192,28.9140501,1011353.929
1493,1408384019,8192,28.92217994,1007646.511
1494,1408384019,8192,28.93031001,1007616.961
1495,1408384019,8192,28.93846989,1003936.841
1496,1408384019,8192,28.94661999,1005140.954
1497,1408384019,8192,28.95479012,1002677.086
1498,1408384019,8192,28.96289992,1010134.892
1499,1408384019,8192,28.97112012,996569.9393
1500,1408384019,8192,28.97923994,1008889.167
1501,1408384019,8192,28.98730993,1015118.718
1502,1408384019,8192,28.99538994,1013860.678
1503,1408384019,8192,29.00355005,1003907.508
1504,1408384019,8192,29.0116899,1006406.912
1505,1408384019,8192,29.01979995,1010105.197
1506,1408384019,8192,29.02796006,1003907.508
1507,1408384019,8192,29.03607988,1008889.167
1508,1408384019,8192,29.04422998,1005140.954
1509,1408384019,8192,29.0523901,1003907.508
1510,1408384019,8192,29.06049991,1010134.892
1511,1408384019,8192,29.06862998,1007616.961
1512,1408384019,8192,29.07677007,1006377.434
1513,1408384019,8192,29.08488989,1008889.167
1514,1408384019,8192,29.09303999,1005140.954
1515,1408384019,8192,29.10116005,1008859.545
1516,1408384019,8192,29.10928988,1007646.511
1517,1408384019,8192,29.11741996,1007616.961
1518,1408384019,8192,29.1256001,1001449.676
1519,1408384019,8192,29.13369989,1011383.698
1520,1408384019,8192,29.14179993,1011353.929
1521,1408384019,8192,29.14991999,1008859.545
1522,1408384019,8192,29.15807009,1005140.954
1523,1408384020,8192,29.1661799,1010134.892
1524,1408384020,8192,29.1744101,995357.4267
1525,1408384020,8192,29.18253994,1007646.511
1526,1408384020,8192,29.19060993,1015118.718
1527,1408384020,8192,29.19872999,1008859.545
1528,1408384020,8192,29.20690012,1002677.086
1529,1408384020,8192,29.21500993,1010134.892
1530,1408384020,8192,29.22322989,996598.8447
1531,1408384020,8192,29.2312901,1016349.82
1532,1408384020,8192,29.23939991,1010134.892
1533,1408384020,8192,29.24755001,1005140.954
1534,1408384020,8192,29.25566006,1010105.197
1535,1408384020,8192,29.26378989,1007646.511
1536,1408384020,8192,29.27191997,1007616.961
1537,1408384020,8192,29.28005004,1007616.961
1538,1408384020,8192,29.28815007,1011353.929
1539,1408384020,8192,29.29626989,1008889.167
1540,1408384020,8192,29.30440998,1006377.434
1541,1408384020,8192,29.31252003,1010105.197
1542,1408384020,8192,29.32068992,1002706.346
1543,1408384020,8192,29.32875991,1015118.718
1544,1408384020,8192,29.33691001,1005140.954
1545,1408384020,8192,29.3450501,1006377.434
1546,1408384020,8192,29.35312009,1015118.718
1547,1408384020,8192,29.36123991,1008889.167
1548,1408384020,8192,29.36940002,1003907.508
1549,1408384020,8192,29.37747002,1015118.718
1550,1408384020,8192,29.3856101,1006377.434
1551,1408384020,8192,29.39381003,999032.8953
1552,1408384020,8192,29.40186,1017644.188
1553,1408384020,8192,29.40997005,1010105.197
1554,1408384020,8192,29.41810989,1006406.912
1555,1408384020,8192,29.42620993,1011353.929
1556,1408384020,8192,29.43432999,1008859.545
1557,1408384020,8192,29.44250011,1002677.086
1558,1408384020,8192,29.45056009,1016379.884
1559,1408384020,8192,29.45874,1001478.865
1560,1408384020,8192,29.46685004,1010105.197
1561,1408384020,8192,29.47492003,1015118.718
1562,1408384020,8192,29.48309994,1001478.865
1563,1408384020,8192,29.49129009,1000225.267
1564,1408384020,8192,29.49936008,1015118.718
1565,1408384020,8192,29.50744009,1013860.678
1566,1408384020,8192,29.5155499,1010134.892
1567,1408384020,8192,29.52374005,1000225.267
1568,1408384020,8192,29.53179002,1017644.188
1569,1408384020,8192,29.53992009,1007616.961
1570,1408384020,8192,29.54801989,1011383.698
1571,1408384020,8192,29.55613995,1008859.545
1572,1408384020,8192,29.56426001,1008859.545
1573,1408384020,8192,29.57240009,1006377.434
1574,1408384020,8192,29.58049989,1011383.698
1575,1408384020,8192,29.58864999,1005140.954
1576,1408384020,8192,29.59675002,1011353.929
1577,1408384020,8192,29.60486007,1010105.197
1578,1408384020,8192,29.61299992,1006406.912
1579,1408384020,8192,29.62112999,1007616.961
1580,1408384020,8192,29.62924004,1010105.197
1581,1408384020,8192,29.63749003,992969.9265
1582,1408384020,8192,29.64550996,1021456.043
1583,1408384020,8192,29.65366006,1005140.954
1584,1408384020,8192,29.66183996,1001478.865
1585,1408384020,8192,29.66989994,1016379.884
1586,1408384020,8192,29.67803001,1007616.961
1587,1408384020,8192,29.68618011,1005140.954
1588,1408384020,8192,29.69427991,1011383.698
1589,1408384020,8192,29.70237994,1011353.929
1590,1408384020,8192,29.71056008,1001449.676
1591,1408384020,8192,29.71864009,1013860.678
1592,1408384020,8192,29.72678995,1005170.359
1593,1408384020,8192,29.73487997,1012605.752
1594,1408384020,8192,29.74298,1011353.929
1595,1408384020,8192,29.7511301,1005140.954
1596,1408384020,8192,29.75934005,997814.3856
1597,1408384020,8192,29.76739001,1017644.188
1598,1408384020,8192,29.77547002,1013860.678
1599,1408384020,8192,29.78362989,1003936.841
1600,1408384020,8192,29.79172993,1011353.929
1601,1408384020,8192,29.79981995,1012605.752
1602,1408384020,8192,29.80799007,1002677.086
1603,1408384020,8192,29.81592989,1031762.007
1604,1408384020,8192,29.82397008,1018881.427
1605,1408384020,8192,29.83197999,1022733.015
1606,1408384020,8192,29.83993006,1030431.5
1607,1408384020,8192,29.84790993,1026583.16
1608,1408384020,8192,29.85595989,1017644.188
1609,1408384020,8192,29.86390996,1030431.5
1610,1408384020,8192,29.8719399,1020182.256
1611,1408384020,8192,29.87990999,1027842.244
1612,1408384020,8192,29.88795996,1017644.188
1613,1408384020,8192,29.89590001,1031731.026
1614,1408384020,8192,29.90390992,1022733.015
1615,1408384020,8192,29.9119401,1020151.966
1616,1408384020,8192,29.91990995,1027872.992
1617,1408384020,8192,29.9279201,1022702.574
1618,1408384020,8192,29.93588996,1027872.992
1619,1408384020,8192,29.94395995,1015118.718
1620,1408384020,8192,29.95190001,1031731.026
1621,1408384020,8192,29.95990992,1022733.015
1622,1408384020,8192,29.96787,1029135.243
1623,1408384020,8192,29.97592998,1016379.884
1624,1408384020,8192,29.98381996,1038278.136
1625,1408384020,8192,29.99187994,1016379.884
1626,1408384020,8192,29.99988008,1023982.666
1627,1408384020,8192,30.00781989,1031762.007
1628,1408384020,8192,30.01581001,1025265.967
