0.0,0,0,eth0
0.002,0,0,eth0
0.004,10.0,0,eth0
0.006,0,0,eth0
0.008,0,0,eth0
0.01,0,0,eth0
0.012,0,0,eth0
0.014,10.0,0,eth0
0.016,0,0,eth0
0.018,0,0,eth0
0.02,0,0,eth0
0.022,0,0,eth0
0.024,10.0,0,eth0
0.026,0,0,eth0
0.028,0,0,eth0
0.03,0,0,eth0
0.032,0,0,eth0
0.034,10.0,0,eth0
0.036,0,0,eth0
0.038,0,0,eth0
0.04,0,0,eth0
0.042,0,0,eth0
0.044,10.0,0,eth0
0.046,0,0,eth0
0.048,0,0,eth0
0.05,0,0,eth0
0.052,0,0,eth0
0.054,10.0,0,eth0
0.056,0,0,eth0
0.058,0,0,eth0
0.06,0,0,eth0
0.062,0,0,eth0
0.064,10.0,0,eth0
0.066,0,0,eth0
0.068,0,0,eth0
0.07,0,0,eth0
0.072,0,0,eth0
0.074,10.0,0,eth0
0.076,0,0,eth0
0.078,0,0,eth0
0.08,0,0,eth0
0.082,0,0,eth0
0.084,10.0,0,eth0
0.086,0,0,eth0
0.088,0,0,eth0
0.09,0,0,eth0
0.092,0,0,eth0
0.094,10.0,0,eth0
0.096,0,0,eth0
0.098,0,0,eth0
0.1,0,0,eth0
0.102,0,0,eth0
0.104,10.0,0,eth0
0.106,0,0,eth0
0.108,0,0,eth0
0.11,0,0,eth0
0.112,0,0,eth0
0.114,10.0,0,eth0
0.116,0,0,eth0
0.118,0,0,eth0
0.12,0,0,eth0
0.122,0,0,eth0
0.124,10.0,0,eth0
0.126,0,0,eth0
0.128,0,0,eth0
0.13,0,0,eth0
0.132,0,0,eth0
0.134,10.0,0,eth0
0.136,0,0,eth0
0.138,0,0,eth0
0.14,0,0,eth0
0.142,0,0,eth0
0.144,10.0,0,eth0
0.146,0,0,eth0
0.148,0,0,eth0
0.15,0,0,eth0
0.152,0,0,eth0
0.154,10.0,0,eth0
0.156,0,0,eth0
0.158,0,0,eth0
0.16,0,0,eth0
0.162,0,0,eth0
0.164,10.0,0,eth0
0.166,0,0,eth0
0.168,0,0,eth0
0.17,0,0,eth0
0.172,0,0,eth0
0.174,10.0,0,eth0
0.176,0,0,eth0
0.178,0,0,eth0
0.18,0,0,eth0
0.182,0,0,eth0
0.184,10.0,0,eth0
0.186,0,0,eth0
0.188,0,0,eth0
0.19,0,0,eth0
0.192,0,0,eth0
0.194,10.0,0,eth0
0.196,0,0,eth0
0.198,0,0,eth0
0.2,0,0,eth0
0.202,0,0,eth0
0.204,10.0,0,eth0
0.206,0,0,eth0
0.208,0,0,eth0
0.21,0,0,eth0
0.212,0,0,eth0
0.214,10.0,0,eth0
0.216,0,0,eth0
0.218,0,0,eth0
0.22,0,0,eth0
0.222,0,0,eth0
0.224,10.0,0,eth0
0.226,0,0,eth0
0.228,0,0,eth0
0.23,0,0,eth0
0.232,0,0,eth0
0.234,10.0,0,eth0
0.236,0,0,eth0
0.238,0,0,eth0
0.24,0,0,eth0
0.242,0,0,eth0
0.244,10.0,0,eth0
0.246,0,0,eth0
0.248,0,0,eth0
0.25,0,0,eth0
0.252,0,0,eth0
0.254,10.0,0,eth0
0.256,0,0,eth0
0.258,0,0,eth0
0.26,0,0,eth0
0.262,0,0,eth0
0.264,10.0,0,eth0
0.266,0,0,eth0
0.268,0,0,eth0
0.27,0,0,eth0
0.272,0,0,eth0
0.274,10.0,0,eth0
0.276,0,0,eth0
0.278,0,0,eth0
0.28,0,0,eth0
0.282,0,0,eth0
0.284,10.0,0,eth0
0.286,0,0,eth0
0.288,0,0,eth0
0.29,0,0,eth0
0.292,0,0,eth0
0.294,10.0,0,eth0
0.296,0,0,eth0
0.298,0,0,eth0
0.3,0,0,eth0
0.302,0,0,eth0
0.304,10.0,0,eth0
0.306,0,0,eth0
0.308,0,0,eth0
0.31,0,0,eth0
0.312,0,0,eth0
0.314,10.0,0,eth0
0.316,0,0,eth0
0.318,0,0,eth0
0.32,0,0,eth0
0.322,0,0,eth0
0.324,10.0,0,eth0
0.326,0,0,eth0
0.328,0,0,eth0
0.33,0,0,eth0
0.332,0,0,eth0
0.334,10.0,0,eth0
0.336,0,0,eth0
0.338,0,0,eth0
0.34,0,0,eth0
0.342,0,0,eth0
0.344,10.0,0,eth0
0.346,0,0,eth0
0.348,0,0,eth0
0.35,0,0,eth0
0.352,0,0,eth0
0.354,10.0,0,eth0
0.356,0,0,eth0
0.358,0,0,eth0
0.36,0,0,eth0
0.362,0,0,eth0
0.364,10.0,0,eth0
0.366,0,0,eth0
0.368,0,0,eth0
0.37,0,0,eth0
0.372,0,0,eth0
0.374,10.0,0,eth0
0.376,0,0,eth0
0.378,0,0,eth0
0.38,0,0,eth0
0.382,0,0,eth0
0.384,10.0,0,eth0
0.386,0,0,eth0
0.388,0,0,eth0
0.39,0,0,eth0
0.392,0,0,eth0
0.394,10.0,0,eth0
0.396,0,0,eth0
0.398,0,0,eth0
0.4,0,0,eth0
0.402,0,0,eth0
0.404,10.0,0,eth0
0.406,0,0,eth0
0.408,0,0,eth0
0.41,0,0,eth0
0.412,0,0,eth0
0.414,10.0,0,eth0
0.416,0,0,eth0
0.418,0,0,eth0
0.42,0,0,eth0
0.422,0,0,eth0
0.424,10.0,0,eth0
0.426,0,0,eth0
0.428,0,0,eth0
0.43,0,0,eth0
0.432,0,0,eth0
0.434,10.0,0,eth0
0.436,0,0,eth0
0.438,0,0,eth0
0.44,0,0,eth0
0.442,0,0,eth0
0.444,10.0,0,eth0
0.446,0,0,eth0
0.448,0,0,eth0
0.45,0,0,eth0
0.452,0,0,eth0
0.454,10.0,0,eth0
0.456,0,0,eth0
0.458,0,0,eth0
0.46,0,0,eth0
0.462,0,0,eth0
0.464,10.0,0,eth0
0.466,0,0,eth0
0.468,0,0,eth0
0.47,0,0,eth0
0.472,0,0,eth0
0.474,10.0,0,eth0
0.476,0,0,eth0
0.478,0,0,eth0
0.48,0,0,eth0
0.482,0,0,eth0
0.484,10.0,0,eth0
0.486,0,0,eth0
0.488,0,0,eth0
0.49,0,0,eth0
0.492,0,0,eth0
0.494,10.0,0,eth0
0.496,0,0,eth0
0.498,0,0,eth0
0.5,0,0,eth0
0.502,0,0,eth0
0.504,10.0,0,eth0
0.506,0,0,eth0
0.508,0,0,eth0
0.51,0,0,eth0
0.512,0,0,eth0
0.514,10.0,0,eth0
0.516,0,0,eth0
0.518,0,0,eth0
0.52,0,0,eth0
0.522,0,0,eth0
0.524,10.0,0,eth0
0.526,0,0,eth0
0.528,0,0,eth0
0.53,0,0,eth0
0.532,0,0,eth0
0.534,10.0,0,eth0
0.536,0,0,eth0
0.538,0,0,eth0
0.54,0,0,eth0
0.542,0,0,eth0
0.544,10.0,0,eth0
0.546,0,0,eth0
0.548,0,0,eth0
0.55,0,0,eth0
0.552,0,0,eth0
0.554,10.0,0,eth0
0.556,0,0,eth0
0.558,0,0,eth0
0.56,0,0,eth0
0.562,0,0,eth0
0.564,10.0,0,eth0
0.566,0,0,eth0
0.568,0,0,eth0
0.57,0,0,eth0
0.572,0,0,eth0
0.574,10.0,0,eth0
0.576,0,0,eth0
0.578,0,0,eth0
0.58,0,0,eth0
0.582,0,0,eth0
0.584,10.0,0,eth0
0.586,0,0,eth0
0.588,0,0,eth0
0.59,0,0,eth0
0.592,0,0,eth0
0.594,10.0,0,eth0
0.596,0,0,eth0
0.598,0,0,eth0
0.6,0,0,eth0
0.602,0,0,eth0
0.604,10.0,0,eth0
0.606,0,0,eth0
0.608,0,0,eth0
0.61,0,0,eth0
0.612,0,0,eth0
0.614,10.0,0,eth0
0.616,0,0,eth0
0.618,0,0,eth0
0.62,0,0,eth0
0.622,0,0,eth0
0.624,10.0,0,eth0
0.626,0,0,eth0
0.628,0,0,eth0
0.63,0,0,eth0
0.632,0,0,eth0
0.634,10.0,0,eth0
0.636,0,0,eth0
0.638,0,0,eth0
0.64,0,0,eth0
0.642,0,0,eth0
0.644,10.0,0,eth0
0.646,0,0,eth0
0.648,0,0,eth0
0.65,0,0,eth0
0.652,0,0,eth0
0.654,10.0,0,eth0
0.656,0,0,eth0
0.658,0,0,eth0
0.66,0,0,eth0
0.662,0,0,eth0
0.664,10.0,0,eth0
0.666,0,0,eth0
0.668,0,0,eth0
0.67,0,0,eth0
0.672,0,0,eth0
0.674,10.0,0,eth0
0.676,0,0,eth0
0.678,0,0,eth0
0.68,0,0,eth0
0.682,0,0,eth0
0.684,10.0,0,eth0
0.686,0,0,eth0
0.688,0,0,eth0
0.69,0,0,eth0
0.692,0,0,eth0
0.694,10.0,0,eth0
0.696,0,0,eth0
0.698,0,0,eth0
0.7,0,0,eth0
0.702,0,0,eth0
0.704,10.0,0,eth0
0.706,0,0,eth0
0.708,0,0,eth0
0.71,0,0,eth0
0.712,0,0,eth0
0.714,10.0,0,eth0
0.716,0,0,eth0
0.718,0,0,eth0
0.72,0,0,eth0
0.722,0,0,eth0
0.724,10.0,0,eth0
0.726,0,0,eth0
0.728,0,0,eth0
0.73,0,0,eth0
0.732,0,0,eth0
0.734,10.0,0,eth0
0.736,0,0,eth0
0.738,0,0,eth0
0.74,0,0,eth0
0.742,0,0,eth0
0.744,10.0,0,eth0
0.746,0,0,eth0
0.748,0,0,eth0
0.75,0,0,eth0
0.752,0,0,eth0
0.754,10.0,0,eth0
0.756,0,0,eth0
0.758,0,0,eth0
0.76,0,0,eth0
0.762,0,0,eth0
0.764,10.0,0,eth0
0.766,0,0,eth0
0.768,0,0,eth0
0.77,0,0,eth0
0.772,0,0,eth0
0.774,10.0,0,eth0
0.776,0,0,eth0
0.778,0,0,eth0
0.78,0,0,eth0
0.782,0,0,eth0
0.784,10.0,0,eth0
0.786,0,0,eth0
0.788,0,0,eth0
0.79,0,0,eth0
0.792,0,0,eth0
0.794,10.0,0,eth0
0.796,0,0,eth0
0.798,0,0,eth0
0.8,0,0,eth0
0.802,0,0,eth0
0.804,10.0,0,eth0
0.806,0,0,eth0
0.808,0,0,eth0
0.81,0,0,eth0
0.812,0,0,eth0
0.814,10.0,0,eth0
0.816,0,0,eth0
0.818,0,0,eth0
0.82,0,0,eth0
0.822,0,0,eth0
0.824,10.0,0,eth0
0.826,0,0,eth0
0.828,0,0,eth0
0.83,0,0,eth0
0.832,0,0,eth0
0.834,10.0,0,eth0
0.836,0,0,eth0
0.838,0,0,eth0
0.84,0,0,eth0
0.842,0,0,eth0
0.844,10.0,0,eth0
0.846,0,0,eth0
0.848,0,0,eth0
0.85,0,0,eth0
0.852,0,0,eth0
0.854,10.0,0,eth0
0.856,0,0,eth0
0.858,0,0,eth0
0.86,0,0,eth0
0.862,0,0,eth0
0.864,10.0,0,eth0
0.866,0,0,eth0
0.868,0,0,eth0
0.87,0,0,eth0
0.872,0,0,eth0
0.874,10.0,0,eth0
0.876,0,0,eth0
0.878,0,0,eth0
0.88,0,0,eth0
0.882,0,0,eth0
0.884,10.0,0,eth0
0.886,0,0,eth0
0.888,0,0,eth0
0.89,0,0,eth0
0.892,0,0,eth0
0.894,10.0,0,eth0
0.896,0,0,eth0
0.898,0,0,eth0
0.9,0,0,eth0
0.902,0,0,eth0
0.904,10.0,0,eth0
0.906,0,0,eth0
0.908,0,0,eth0
0.91,0,0,eth0
0.912,0,0,eth0
0.914,10.0,0,eth0
0.916,0,0,eth0
0.918,0,0,eth0
0.92,0,0,eth0
0.922,0,0,eth0
0.924,10.0,0,eth0
0.926,0,0,eth0
0.928,0,0,eth0
0.93,0,0,eth0
0.932,0,0,eth0
0.934,10.0,0,eth0
0.936,0,0,eth0
0.938,0,0,eth0
0.94,0,0,eth0
0.942,0,0,eth0
0.944,10.0,0,eth0
0.946,0,0,eth0
0.948,0,0,eth0
0.95,0,0,eth0
0.952,0,0,eth0
0.954,10.0,0,eth0
0.956,0,0,eth0
0.958,0,0,eth0
0.96,0,0,eth0
0.962,0,0,eth0
0.964,10.0,0,eth0
0.966,0,0,eth0
0.968,0,0,eth0
0.97,0,0,eth0
0.972,0,0,eth0
0.974,10.0,0,eth0
0.976,0,0,eth0
0.978,0,0,eth0
0.98,0,0,eth0
0.982,0,0,eth0
0.984,10.0,0,eth0
0.986,0,0,eth0
0.988,0,0,eth0
0.99,0,0,eth0
0.992,0,0,eth0
0.994,10.0,0,eth0
0.996,0,0,eth0
0.998,0,0,eth0
1.0,0,0,eth0
1.002,0,0,eth0
1.004,5.0,0,eth0
1.006,0,0,eth0
1.008,0,0,eth0
1.01,0,0,eth0
1.012,0,0,eth0
1.014,5.0,0,eth0
1.016,0,0,eth0
1.018,0,0,eth0
1.02,0,0,eth0
1.022,0,0,eth0
1.024,5.0,0,eth0
1.026,0,0,eth0
1.028,0,0,eth0
1.03,0,0,eth0
1.032,0,0,eth0
1.034,5.0,0,eth0
1.036,0,0,eth0
1.038,0,0,eth0
1.04,0,0,eth0
1.042,0,0,eth0
1.044,5.0,0,eth0
1.046,0,0,eth0
1.048,0,0,eth0
1.05,0,0,eth0
1.052,0,0,eth0
1.054,5.0,0,eth0
1.056,0,0,eth0
1.058,0,0,eth0
1.06,0,0,eth0
1.062,0,0,eth0
1.064,5.0,0,eth0
1.066,0,0,eth0
1.068,0,0,eth0
1.07,0,0,eth0
1.072,0,0,eth0
1.074,5.0,0,eth0
1.076,0,0,eth0
1.078,0,0,eth0
1.08,0,0,eth0
1.082,0,0,eth0
1.084,5.0,0,eth0
1.086,0,0,eth0
1.088,0,0,eth0
1.09,0,0,eth0
1.092,0,0,eth0
1.094,5.0,0,eth0
1.096,0,0,eth0
1.098,0,0,eth0
1.1,0,0,eth0
1.102,0,0,eth0
1.104,5.0,0,eth0
1.106,0,0,eth0
1.108,0,0,eth0
1.11,0,0,eth0
1.112,0,0,eth0
1.114,5.0,0,eth0
1.116,0,0,eth0
1.118,0,0,eth0
1.12,0,0,eth0
1.122,0,0,eth0
1.124,5.0,0,eth0
1.126,0,0,eth0
1.128,0,0,eth0
1.13,0,0,eth0
1.132,0,0,eth0
1.134,5.0,0,eth0
1.136,0,0,eth0
1.138,0,0,eth0
1.14,0,0,eth0
1.142,0,0,eth0
1.144,5.0,0,eth0
1.146,0,0,eth0
1.148,0,0,eth0
1.15,0,0,eth0
1.152,0,0,eth0
1.154,5.0,0,eth0
1.156,0,0,eth0
1.158,0,0,eth0
1.16,0,0,eth0
1.162,0,0,eth0
1.164,5.0,0,eth0
1.166,0,0,eth0
1.168,0,0,eth0
1.17,0,0,eth0
1.172,0,0,eth0
1.174,5.0,0,eth0
1.176,0,0,eth0
1.178,0,0,eth0
1.18,0,0,eth0
1.182,0,0,eth0
1.184,5.0,0,eth0
1.186,0,0,eth0
1.188,0,0,eth0
1.19,0,0,eth0
1.192,0,0,eth0
1.194,5.0,0,eth0
1.196,0,0,eth0
1.198,0,0,eth0
1.2,0,0,eth0
1.202,0,0,eth0
1.204,5.0,0,eth0
1.206,0,0,eth0
1.208,0,0,eth0
1.21,0,0,eth0
1.212,0,0,eth0
1.214,5.0,0,eth0
1.216,0,0,eth0
1.218,0,0,eth0
1.22,0,0,eth0
1.222,0,0,eth0
1.224,5.0,0,eth0
1.226,0,0,eth0
1.228,0,0,eth0
1.23,0,0,eth0
1.232,0,0,eth0
1.234,5.0,0,eth0
1.236,0,0,eth0
1.238,0,0,eth0
1.24,0,0,eth0
1.242,0,0,eth0
1.244,5.0,0,eth0
1.246,0,0,eth0
1.248,0,0,eth0
1.25,0,0,eth0
1.252,0,0,eth0
1.254,5.0,0,eth0
1.256,0,0,eth0
1.258,0,0,eth0
1.26,0,0,eth0
1.262,0,0,eth0
1.264,5.0,0,eth0
1.266,0,0,eth0
1.268,0,0,eth0
1.27,0,0,eth0
1.272,0,0,eth0
1.274,5.0,0,eth0
1.276,0,0,eth0
1.278,0,0,eth0
1.28,0,0,eth0
1.282,0,0,eth0
1.284,5.0,0,eth0
1.286,0,0,eth0
1.288,0,0,eth0
1.29,0,0,eth0
1.292,0,0,eth0
1.294,5.0,0,eth0
1.296,0,0,eth0
1.298,0,0,eth0
1.3,0,0,eth0
1.302,0,0,eth0
1.304,5.0,0,eth0
1.306,0,0,eth0
1.308,0,0,eth0
1.31,0,0,eth0
1.312,0,0,eth0
1.314,5.0,0,eth0
1.316,0,0,eth0
1.318,0,0,eth0
1.32,0,0,eth0
1.322,0,0,eth0
1.324,5.0,0,eth0
1.326,0,0,eth0
1.328,0,0,eth0
1.33,0,0,eth0
1.332,0,0,eth0
1.334,5.0,0,eth0
1.336,0,0,eth0
1.338,0,0,eth0
1.34,0,0,eth0
1.342,0,0,eth0
1.344,5.0,0,eth0
1.346,0,0,eth0
1.348,0,0,eth0
1.35,0,0,eth0
1.352,0,0,eth0
1.354,5.0,0,eth0
1.356,0,0,eth0
1.358,0,0,eth0
1.36,0,0,eth0
1.362,0,0,eth0
1.364,5.0,0,eth0
1.366,0,0,eth0
1.368,0,0,eth0
1.37,0,0,eth0
1.372,0,0,eth0
1.374,5.0,0,eth0
1.376,0,0,eth0
1.378,0,0,eth0
1.38,0,0,eth0
1.382,0,0,eth0
1.384,5.0,0,eth0
1.386,0,0,eth0
1.388,0,0,eth0
1.39,0,0,eth0
1.392,0,0,eth0
1.394,5.0,0,eth0
1.396,0,0,eth0
1.398,0,0,eth0
1.4,0,0,eth0
1.402,0,0,eth0
1.404,5.0,0,eth0
1.406,0,0,eth0
1.408,0,0,eth0
1.41,0,0,eth0
1.412,0,0,eth0
1.414,5.0,0,eth0
1.416,0,0,eth0
1.418,0,0,eth0
1.42,0,0,eth0
1.422,0,0,eth0
1.424,5.0,0,eth0
1.426,0,0,eth0
1.428,0,0,eth0
1.43,0,0,eth0
1.432,0,0,eth0
1.434,5.0,0,eth0
1.436,0,0,eth0
1.438,0,0,eth0
1.44,0,0,eth0
1.442,0,0,eth0
1.444,5.0,0,eth0
1.446,0,0,eth0
1.448,0,0,eth0
1.45,0,0,eth0
1.452,0,0,eth0
1.454,5.0,0,eth0
1.456,0,0,eth0
1.458,0,0,eth0
1.46,0,0,eth0
1.462,0,0,eth0
1.464,5.0,0,eth0
1.466,0,0,eth0
1.468,0,0,eth0
1.47,0,0,eth0
1.472,0,0,eth0
1.474,5.0,0,eth0
1.476,0,0,eth0
1.478,0,0,eth0
1.48,0,0,eth0
1.482,0,0,eth0
1.484,5.0,0,eth0
1.486,0,0,eth0
1.488,0,0,eth0
1.49,0,0,eth0
1.492,0,0,eth0
1.494,5.0,0,eth0
1.496,0,0,eth0
1.498,0,0,eth0
1.5,0,0,eth0
1.502,0,0,eth0
1.504,5.0,0,eth0
1.506,0,0,eth0
1.508,0,0,eth0
1.51,0,0,eth0
1.512,0,0,eth0
1.514,5.0,0,eth0
1.516,0,0,eth0
1.518,0,0,eth0
1.52,0,0,eth0
1.522,0,0,eth0
1.524,5.0,0,eth0
1.526,0,0,eth0
1.528,0,0,eth0
1.53,0,0,eth0
1.532,0,0,eth0
1.534,5.0,0,eth0
1.536,0,0,eth0
1.538,0,0,eth0
1.54,0,0,eth0
1.542,0,0,eth0
1.544,5.0,0,eth0
1.546,0,0,eth0
1.548,0,0,eth0
1.55,0,0,eth0
1.552,0,0,eth0
1.554,5.0,0,eth0
1.556,0,0,eth0
1.558,0,0,eth0
1.56,0,0,eth0
1.562,0,0,eth0
1.564,5.0,0,eth0
1.566,0,0,eth0
1.568,0,0,eth0
1.57,0,0,eth0
1.572,0,0,eth0
1.574,5.0,0,eth0
1.576,0,0,eth0
1.578,0,0,eth0
1.58,0,0,eth0
1.582,0,0,eth0
1.584,5.0,0,eth0
1.586,0,0,eth0
1.588,0,0,eth0
1.59,0,0,eth0
1.592,0,0,eth0
1.594,5.0,0,eth0
1.596,0,0,eth0
1.598,0,0,eth0
1.6,0,0,eth0
1.602,0,0,eth0
1.604,5.0,0,eth0
1.606,0,0,eth0
1.608,0,0,eth0
1.61,0,0,eth0
1.612,0,0,eth0
1.614,5.0,0,eth0
1.616,0,0,eth0
1.618,0,0,eth0
1.62,0,0,eth0
1.622,0,0,eth0
1.624,5.0,0,eth0
1.626,0,0,eth0
1.628,0,0,eth0
1.63,0,0,eth0
1.632,0,0,eth0
1.634,5.0,0,eth0
1.636,0,0,eth0
1.638,0,0,eth0
1.64,0,0,eth0
1.642,0,0,eth0
1.644,5.0,0,eth0
1.646,0,0,eth0
1.648,0,0,eth0
1.65,0,0,eth0
1.652,0,0,eth0
1.654,5.0,0,eth0
1.656,0,0,eth0
1.658,0,0,eth0
1.66,0,0,eth0
1.662,0,0,eth0
1.664,5.0,0,eth0
1.666,0,0,eth0
1.668,0,0,eth0
1.67,0,0,eth0
1.672,0,0,eth0
1.674,5.0,0,eth0
1.676,0,0,eth0
1.678,0,0,eth0
1.68,0,0,eth0
1.682,0,0,eth0
1.684,5.0,0,eth0
1.686,0,0,eth0
1.688,0,0,eth0
1.69,0,0,eth0
1.692,0,0,eth0
1.694,5.0,0,eth0
1.696,0,0,eth0
1.698,0,0,eth0
1.7,0,0,eth0
1.702,0,0,eth0
1.704,5.0,0,eth0
1.706,0,0,eth0
1.708,0,0,eth0
1.71,0,0,eth0
1.712,0,0,eth0
1.714,5.0,0,eth0
1.716,0,0,eth0
1.718,0,0,eth0
1.72,0,0,eth0
1.722,0,0,eth0
1.724,5.0,0,eth0
1.726,0,0,eth0
1.728,0,0,eth0
1.73,0,0,eth0
1.732,0,0,eth0
1.734,5.0,0,eth0
1.736,0,0,eth0
1.738,0,0,eth0
1.74,0,0,eth0
1.742,0,0,eth0
1.744,5.0,0,eth0
1.746,0,0,eth0
1.748,0,0,eth0
1.75,0,0,eth0
1.752,0,0,eth0
1.754,5.0,0,eth0
1.756,0,0,eth0
1.758,0,0,eth0
1.76,0,0,eth0
1.762,0,0,eth0
1.764,5.0,0,eth0
1.766,0,0,eth0
1.768,0,0,eth0
1.77,0,0,eth0
1.772,0,0,eth0
1.774,5.0,0,eth0
1.776,0,0,eth0
1.778,0,0,eth0
1.78,0,0,eth0
1.782,0,0,eth0
1.784,5.0,0,eth0
1.786,0,0,eth0
1.788,0,0,eth0
1.79,0,0,eth0
1.792,0,0,eth0
1.794,5.0,0,eth0
1.796,0,0,eth0
1.798,0,0,eth0
1.8,0,0,eth0
1.802,0,0,eth0
1.804,5.0,0,eth0
1.806,0,0,eth0
1.808,0,0,eth0
1.81,0,0,eth0
1.812,0,0,eth0
1.814,5.0,0,eth0
1.816,0,0,eth0
1.818,0,0,eth0
1.82,0,0,eth0
1.822,0,0,eth0
1.824,5.0,0,eth0
1.826,0,0,eth0
1.828,0,0,eth0
1.83,0,0,eth0
1.832,0,0,eth0
1.834,5.0,0,eth0
1.836,0,0,eth0
1.838,0,0,eth0
1.84,0,0,eth0
1.842,0,0,eth0
1.844,5.0,0,eth0
1.846,0,0,eth0
1.848,0,0,eth0
1.85,0,0,eth0
1.852,0,0,eth0
1.854,5.0,0,eth0
1.856,0,0,eth0
1.858,0,0,eth0
1.86,0,0,eth0
1.862,0,0,eth0
1.864,5.0,0,eth0
1.866,0,0,eth0
1.868,0,0,eth0
1.87,0,0,eth0
1.872,0,0,eth0
1.874,5.0,0,eth0
1.876,0,0,eth0
1.878,0,0,eth0
1.88,0,0,eth0
1.882,0,0,eth0
1.884,5.0,0,eth0
1.886,0,0,eth0
1.888,0,0,eth0
1.89,0,0,eth0
1.892,0,0,eth0
1.894,5.0,0,eth0
1.896,0,0,eth0
1.898,0,0,eth0
1.9,0,0,eth0
1.902,0,0,eth0
1.904,5.0,0,eth0
1.906,0,0,eth0
1.908,0,0,eth0
1.91,0,0,eth0
1.912,0,0,eth0
1.914,5.0,0,eth0
1.916,0,0,eth0
1.918,0,0,eth0
1.92,0,0,eth0
1.922,0,0,eth0
1.924,5.0,0,eth0
1.926,0,0,eth0
1.928,0,0,eth0
1.93,0,0,eth0
1.932,0,0,eth0
1.934,5.0,0,eth0
1.936,0,0,eth0
1.938,0,0,eth0
1.94,0,0,eth0
1.942,0,0,eth0
1.944,5.0,0,eth0
1.946,0,0,eth0
1.948,0,0,eth0
1.95,0,0,eth0
1.952,0,0,eth0
1.954,5.0,0,eth0
1.956,0,0,eth0
1.958,0,0,eth0
1.96,0,0,eth0
1.962,0,0,eth0
1.964,5.0,0,eth0
1.966,0,0,eth0
1.968,0,0,eth0
1.97,0,0,eth0
1.972,0,0,eth0
1.974,5.0,0,eth0
1.976,0,0,eth0
1.978,0,0,eth0
1.98,0,0,eth0
1.982,0,0,eth0
1.984,5.0,0,eth0
1.986,0,0,eth0
1.988,0,0,eth0
1.99,0,0,eth0
1.992,0,0,eth0
1.994,5.0,0,eth0
1.996,0,0,eth0
1.998,0,0,eth0
2.0,0,0,eth0
2.002,0,0,eth0
2.004,20.0,0,eth0
2.006,0,0,eth0
2.008,0,0,eth0
2.01,0,0,eth0
2.012,0,0,eth0
2.014,20.0,0,eth0
2.016,0,0,eth0
2.018,0,0,eth0
2.02,0,0,eth0
2.022,0,0,eth0
2.024,20.0,0,eth0
2.026,0,0,eth0
2.028,0,0,eth0
2.03,0,0,eth0
2.032,0,0,eth0
2.034,20.0,0,eth0
2.036,0,0,eth0
2.038,0,0,eth0
2.04,0,0,eth0
2.042,0,0,eth0
2.044,20.0,0,eth0
2.046,0,0,eth0
2.048,0,0,eth0
2.05,0,0,eth0
2.052,0,0,eth0
2.054,20.0,0,eth0
2.056,0,0,eth0
2.058,0,0,eth0
2.06,0,0,eth0
2.062,0,0,eth0
2.064,20.0,0,eth0
2.066,0,0,eth0
2.068,0,0,eth0
2.07,0,0,eth0
2.072,0,0,eth0
2.074,20.0,0,eth0
2.076,0,0,eth0
2.078,0,0,eth0
2.08,0,0,eth0
2.082,0,0,eth0
2.084,20.0,0,eth0
2.086,0,0,eth0
2.088,0,0,eth0
2.09,0,0,eth0
2.092,0,0,eth0
2.094,20.0,0,eth0
2.096,0,0,eth0
2.098,0,0,eth0
2.1,0,0,eth0
2.102,0,0,eth0
2.104,20.0,0,eth0
2.106,0,0,eth0
2.108,0,0,eth0
2.11,0,0,eth0
2.112,0,0,eth0
2.114,20.0,0,eth0
2.116,0,0,eth0
2.118,0,0,eth0
2.12,0,0,eth0
2.122,0,0,eth0
2.124,20.0,0,eth0
2.126,0,0,eth0
2.128,0,0,eth0
2.13,0,0,eth0
2.132,0,0,eth0
2.134,20.0,0,eth0
2.136,0,0,eth0
2.138,0,0,eth0
2.14,0,0,eth0
2.142,0,0,eth0
2.144,20.0,0,eth0
2.146,0,0,eth0
2.148,0,0,eth0
2.15,0,0,eth0
2.152,0,0,eth0
2.154,20.0,0,eth0
2.156,0,0,eth0
2.158,0,0,eth0
2.16,0,0,eth0
2.162,0,0,eth0
2.164,20.0,0,eth0
2.166,0,0,eth0
2.168,0,0,eth0
2.17,0,0,eth0
2.172,0,0,eth0
2.174,20.0,0,eth0
2.176,0,0,eth0
2.178,0,0,eth0
2.18,0,0,eth0
2.182,0,0,eth0
2.184,20.0,0,eth0
2.186,0,0,eth0
2.188,0,0,eth0
2.19,0,0,eth0
2.192,0,0,eth0
2.194,20.0,0,eth0
2.196,0,0,eth0
2.198,0,0,eth0
2.2,0,0,eth0
2.202,0,0,eth0
2.204,20.0,0,eth0
2.206,0,0,eth0
2.208,0,0,eth0
2.21,0,0,eth0
2.212,0,0,eth0
2.214,20.0,0,eth0
2.216,0,0,eth0
2.218,0,0,eth0
2.22,0,0,eth0
2.222,0,0,eth0
2.224,20.0,0,eth0
2.226,0,0,eth0
2.228,0,0,eth0
2.23,0,0,eth0
2.232,0,0,eth0
2.234,20.0,0,eth0
2.236,0,0,eth0
2.238,0,0,eth0
2.24,0,0,eth0
2.242,0,0,eth0
2.244,20.0,0,eth0
2.246,0,0,eth0
2.248,0,0,eth0
2.25,0,0,eth0
2.252,0,0,eth0
2.254,20.0,0,eth0
2.256,0,0,eth0
2.258,0,0,eth0
2.26,0,0,eth0
2.262,0,0,eth0
2.264,20.0,0,eth0
2.266,0,0,eth0
2.268,0,0,eth0
2.27,0,0,eth0
2.272,0,0,eth0
2.274,20.0,0,eth0
2.276,0,0,eth0
2.278,0,0,eth0
2.28,0,0,eth0
2.282,0,0,eth0
2.284,20.0,0,eth0
2.286,0,0,eth0
2.288,0,0,eth0
2.29,0,0,eth0
2.292,0,0,eth0
2.294,20.0,0,eth0
2.296,0,0,eth0
2.298,0,0,eth0
2.3,0,0,eth0
2.302,0,0,eth0
2.304,20.0,0,eth0
2.306,0,0,eth0
2.308,0,0,eth0
2.31,0,0,eth0
2.312,0,0,eth0
2.314,20.0,0,eth0
2.316,0,0,eth0
2.318,0,0,eth0
2.32,0,0,eth0
2.322,0,0,eth0
2.324,20.0,0,eth0
2.326,0,0,eth0
2.328,0,0,eth0
2.33,0,0,eth0
2.332,0,0,eth0
2.334,20.0,0,eth0
2.336,0,0,eth0
2.338,0,0,eth0
2.34,0,0,eth0
2.342,0,0,eth0
2.344,20.0,0,eth0
2.346,0,0,eth0
2.348,0,0,eth0
2.35,0,0,eth0
2.352,0,0,eth0
2.354,20.0,0,eth0
2.356,0,0,eth0
2.358,0,0,eth0
2.36,0,0,eth0
2.362,0,0,eth0
2.364,20.0,0,eth0
2.366,0,0,eth0
2.368,0,0,eth0
2.37,0,0,eth0
2.372,0,0,eth0
2.374,20.0,0,eth0
2.376,0,0,eth0
2.378,0,0,eth0
2.38,0,0,eth0
2.382,0,0,eth0
2.384,20.0,0,eth0
2.386,0,0,eth0
2.388,0,0,eth0
2.39,0,0,eth0
2.392,0,0,eth0
2.394,20.0,0,eth0
2.396,0,0,eth0
2.398,0,0,eth0
2.4,0,0,eth0
2.402,0,0,eth0
2.404,20.0,0,eth0
2.406,0,0,eth0
2.408,0,0,eth0
2.41,0,0,eth0
2.412,0,0,eth0
2.414,20.0,0,eth0
2.416,0,0,eth0
2.418,0,0,eth0
2.42,0,0,eth0
2.422,0,0,eth0
2.424,20.0,0,eth0
2.426,0,0,eth0
2.428,0,0,eth0
2.43,0,0,eth0
2.432,0,0,eth0
2.434,20.0,0,eth0
2.436,0,0,eth0
2.438,0,0,eth0
2.44,0,0,eth0
2.442,0,0,eth0
2.444,20.0,0,eth0
2.446,0,0,eth0
2.448,0,0,eth0
2.45,0,0,eth0
2.452,0,0,eth0
2.454,20.0,0,eth0
2.456,0,0,eth0
2.458,0,0,eth0
2.46,0,0,eth0
2.462,0,0,eth0
2.464,20.0,0,eth0
2.466,0,0,eth0
2.468,0,0,eth0
2.47,0,0,eth0
2.472,0,0,eth0
2.474,20.0,0,eth0
2.476,0,0,eth0
2.478,0,0,eth0
2.48,0,0,eth0
2.482,0,0,eth0
2.484,20.0,0,eth0
2.486,0,0,eth0
2.488,0,0,eth0
2.49,0,0,eth0
2.492,0,0,eth0
2.494,20.0,0,eth0
2.496,0,0,eth0
2.498,0,0,eth0
2.5,0,0,eth0
2.502,0,0,eth0
2.504,20.0,0,eth0
2.506,0,0,eth0
2.508,0,0,eth0
2.51,0,0,eth0
2.512,0,0,eth0
2.514,20.0,0,eth0
2.516,0,0,eth0
2.518,0,0,eth0
2.52,0,0,eth0
2.522,0,0,eth0
2.524,20.0,0,eth0
2.526,0,0,eth0
2.528,0,0,eth0
2.53,0,0,eth0
2.532,0,0,eth0
2.534,20.0,0,eth0
2.536,0,0,eth0
2.538,0,0,eth0
2.54,0,0,eth0
2.542,0,0,eth0
2.544,20.0,0,eth0
2.546,0,0,eth0
2.548,0,0,eth0
2.55,0,0,eth0
2.552,0,0,eth0
2.554,20.0,0,eth0
2.556,0,0,eth0
2.558,0,0,eth0
2.56,0,0,eth0
2.562,0,0,eth0
2.564,20.0,0,eth0
2.566,0,0,eth0
2.568,0,0,eth0
2.57,0,0,eth0
2.572,0,0,eth0
2.574,20.0,0,eth0
2.576,0,0,eth0
2.578,0,0,eth0
2.58,0,0,eth0
2.582,0,0,eth0
2.584,20.0,0,eth0
2.586,0,0,eth0
2.588,0,0,eth0
2.59,0,0,eth0
2.592,0,0,eth0
2.594,20.0,0,eth0
2.596,0,0,eth0
2.598,0,0,eth0
2.6,0,0,eth0
2.602,0,0,eth0
2.604,20.0,0,eth0
2.606,0,0,eth0
2.608,0,0,eth0
2.61,0,0,eth0
2.612,0,0,eth0
2.614,20.0,0,eth0
2.616,0,0,eth0
2.618,0,0,eth0
2.62,0,0,eth0
2.622,0,0,eth0
2.624,20.0,0,eth0
2.626,0,0,eth0
2.628,0,0,eth0
2.63,0,0,eth0
2.632,0,0,eth0
2.634,20.0,0,eth0
2.636,0,0,eth0
2.638,0,0,eth0
2.64,0,0,eth0
2.642,0,0,eth0
2.644,20.0,0,eth0
2.646,0,0,eth0
2.648,0,0,eth0
2.65,0,0,eth0
2.652,0,0,eth0
2.654,20.0,0,eth0
2.656,0,0,eth0
2.658,0,0,eth0
2.66,0,0,eth0
2.662,0,0,eth0
2.664,20.0,0,eth0
2.666,0,0,eth0
2.668,0,0,eth0
2.67,0,0,eth0
2.672,0,0,eth0
2.674,20.0,0,eth0
2.676,0,0,eth0
2.678,0,0,eth0
2.68,0,0,eth0
2.682,0,0,eth0
2.684,20.0,0,eth0
2.686,0,0,eth0
2.688,0,0,eth0
2.69,0,0,eth0
2.692,0,0,eth0
2.694,20.0,0,eth0
2.696,0,0,eth0
2.698,0,0,eth0
2.7,0,0,eth0
2.702,0,0,eth0
2.704,20.0,0,eth0
2.706,0,0,eth0
2.708,0,0,eth0
2.71,0,0,eth0
2.712,0,0,eth0
2.714,20.0,0,eth0
2.716,0,0,eth0
2.718,0,0,eth0
2.72,0,0,eth0
2.722,0,0,eth0
2.724,20.0,0,eth0
2.726,0,0,eth0
2.728,0,0,eth0
2.73,0,0,eth0
2.732,0,0,eth0
2.734,20.0,0,eth0
2.736,0,0,eth0
2.738,0,0,eth0
2.74,0,0,eth0
2.742,0,0,eth0
2.744,20.0,0,eth0
2.746,0,0,eth0
2.748,0,0,eth0
2.75,0,0,eth0
2.752,0,0,eth0
2.754,20.0,0,eth0
2.756,0,0,eth0
2.758,0,0,eth0
2.76,0,0,eth0
2.762,0,0,eth0
2.764,20.0,0,eth0
2.766,0,0,eth0
2.768,0,0,eth0
2.77,0,0,eth0
2.772,0,0,eth0
2.774,20.0,0,eth0
2.776,0,0,eth0
2.778,0,0,eth0
2.78,0,0,eth0
2.782,0,0,eth0
2.784,20.0,0,eth0
2.786,0,0,eth0
2.788,0,0,eth0
2.79,0,0,eth0
2.792,0,0,eth0
2.794,20.0,0,eth0
2.796,0,0,eth0
2.798,0,0,eth0
2.8,0,0,eth0
2.802,0,0,eth0
2.804,20.0,0,eth0
2.806,0,0,eth0
2.808,0,0,eth0
2.81,0,0,eth0
2.812,0,0,eth0
2.814,20.0,0,eth0
2.816,0,0,eth0
2.818,0,0,eth0
2.82,0,0,eth0
2.822,0,0,eth0
2.824,20.0,0,eth0
2.826,0,0,eth0
2.828,0,0,eth0
2.83,0,0,eth0
2.832,0,0,eth0
2.834,20.0,0,eth0
2.836,0,0,eth0
2.838,0,0,eth0
2.84,0,0,eth0
2.842,0,0,eth0
2.844,20.0,0,eth0
2.846,0,0,eth0
2.848,0,0,eth0
2.85,0,0,eth0
2.852,0,0,eth0
2.854,20.0,0,eth0
2.856,0,0,eth0
2.858,0,0,eth0
2.86,0,0,eth0
2.862,0,0,eth0
2.864,20.0,0,eth0
2.866,0,0,eth0
2.868,0,0,eth0
2.87,0,0,eth0
2.872,0,0,eth0
2.874,20.0,0,eth0
2.876,0,0,eth0
2.878,0,0,eth0
2.88,0,0,eth0
2.882,0,0,eth0
2.884,20.0,0,eth0
2.886,0,0,eth0
2.888,0,0,eth0
2.89,0,0,eth0
2.892,0,0,eth0
2.894,20.0,0,eth0
2.896,0,0,eth0
2.898,0,0,eth0
2.9,0,0,eth0
2.902,0,0,eth0
2.904,20.0,0,eth0
2.906,0,0,eth0
2.908,0,0,eth0
2.91,0,0,eth0
2.912,0,0,eth0
2.914,20.0,0,eth0
2.916,0,0,eth0
2.918,0,0,eth0
2.92,0,0,eth0
2.922,0,0,eth0
2.924,20.0,0,eth0
2.926,0,0,eth0
2.928,0,0,eth0
2.93,0,0,eth0
2.932,0,0,eth0
2.934,20.0,0,eth0
2.936,0,0,eth0
2.938,0,0,eth0
2.94,0,0,eth0
2.942,0,0,eth0
2.944,20.0,0,eth0
2.946,0,0,eth0
2.948,0,0,eth0
2.95,0,0,eth0
2.952,0,0,eth0
2.954,20.0,0,eth0
2.956,0,0,eth0
2.958,0,0,eth0
2.96,0,0,eth0
2.962,0,0,eth0
2.964,20.0,0,eth0
2.966,0,0,eth0
2.968,0,0,eth0
2.97,0,0,eth0
2.972,0,0,eth0
2.974,20.0,0,eth0
2.976,0,0,eth0
2.978,0,0,eth0
2.98,0,0,eth0
2.982,0,0,eth0
2.984,20.0,0,eth0
2.986,0,0,eth0
2.988,0,0,eth0
2.99,0,0,eth0
2.992,0,0,eth0
2.994,20.0,0,eth0
2.996,0,0,eth0
2.998,0,0,eth0
3.0,0,0,eth0
3.002,0,0,eth0
3.004,20.0,0,eth0
3.006,0,0,eth0
3.008,0,0,eth0
3.0,0,0,eth0
3.002,0,0,eth0
3.004,5.0,0,eth0
3.006,0,0,eth0
3.008,0,0,eth0
3.01,0,0,eth0
3.012,0,0,eth0
3.014,5.0,0,eth0
3.016,0,0,eth0
3.018,0,0,eth0
3.02,0,0,eth0
3.022,0,0,eth0
3.024,5.0,0,eth0
3.026,0,0,eth0
3.028,0,0,eth0
3.03,0,0,eth0
3.032,0,0,eth0
3.034,5.0,0,eth0
3.036,0,0,eth0
3.038,0,0,eth0
3.04,0,0,eth0
3.042,0,0,eth0
3.044,5.0,0,eth0
3.046,0,0,eth0
3.048,0,0,eth0
3.05,0,0,eth0
3.052,0,0,eth0
3.054,5.0,0,eth0
3.056,0,0,eth0
3.058,0,0,eth0
3.06,0,0,eth0
3.062,0,0,eth0
3.064,5.0,0,eth0
3.066,0,0,eth0
3.068,0,0,eth0
3.07,0,0,eth0
3.072,0,0,eth0
3.074,5.0,0,eth0
3.076,0,0,eth0
3.078,0,0,eth0
3.08,0,0,eth0
3.082,0,0,eth0
3.084,5.0,0,eth0
3.086,0,0,eth0
3.088,0,0,eth0
3.09,0,0,eth0
3.092,0,0,eth0
3.094,5.0,0,eth0
3.096,0,0,eth0
3.098,0,0,eth0
3.1,0,0,eth0
3.102,0,0,eth0
3.104,5.0,0,eth0
3.106,0,0,eth0
3.108,0,0,eth0
3.11,0,0,eth0
3.112,0,0,eth0
3.114,5.0,0,eth0
3.116,0,0,eth0
3.118,0,0,eth0
3.12,0,0,eth0
3.122,0,0,eth0
3.124,5.0,0,eth0
3.126,0,0,eth0
3.128,0,0,eth0
3.13,0,0,eth0
3.132,0,0,eth0
3.134,5.0,0,eth0
3.136,0,0,eth0
3.138,0,0,eth0
3.14,0,0,eth0
3.142,0,0,eth0
3.144,5.0,0,eth0
3.146,0,0,eth0
3.148,0,0,eth0
3.15,0,0,eth0
3.152,0,0,eth0
3.154,5.0,0,eth0
3.156,0,0,eth0
3.158,0,0,eth0
3.16,0,0,eth0
3.162,0,0,eth0
3.164,5.0,0,eth0
3.166,0,0,eth0
3.168,0,0,eth0
3.17,0,0,eth0
3.172,0,0,eth0
3.174,5.0,0,eth0
3.176,0,0,eth0
3.178,0,0,eth0
3.18,0,0,eth0
3.182,0,0,eth0
3.184,5.0,0,eth0
3.186,0,0,eth0
3.188,0,0,eth0
3.19,0,0,eth0
3.192,0,0,eth0
3.194,5.0,0,eth0
3.196,0,0,eth0
3.198,0,0,eth0
3.2,0,0,eth0
3.202,0,0,eth0
3.204,5.0,0,eth0
3.206,0,0,eth0
3.208,0,0,eth0
3.21,0,0,eth0
3.212,0,0,eth0
3.214,5.0,0,eth0
3.216,0,0,eth0
3.218,0,0,eth0
3.22,0,0,eth0
3.222,0,0,eth0
3.224,5.0,0,eth0
3.226,0,0,eth0
3.228,0,0,eth0
3.23,0,0,eth0
3.232,0,0,eth0
3.234,5.0,0,eth0
3.236,0,0,eth0
3.238,0,0,eth0
3.24,0,0,eth0
3.242,0,0,eth0
3.244,5.0,0,eth0
3.246,0,0,eth0
3.248,0,0,eth0
3.25,0,0,eth0
3.252,0,0,eth0
3.254,5.0,0,eth0
3.256,0,0,eth0
3.258,0,0,eth0
3.26,0,0,eth0
3.262,0,0,eth0
3.264,5.0,0,eth0
3.266,0,0,eth0
3.268,0,0,eth0
3.27,0,0,eth0
3.272,0,0,eth0
3.274,5.0,0,eth0
3.276,0,0,eth0
3.278,0,0,eth0
3.28,0,0,eth0
3.282,0,0,eth0
3.284,5.0,0,eth0
3.286,0,0,eth0
3.288,0,0,eth0
3.29,0,0,eth0
3.292,0,0,eth0
3.294,5.0,0,eth0
3.296,0,0,eth0
3.298,0,0,eth0
3.3,0,0,eth0
3.302,0,0,eth0
3.304,5.0,0,eth0
3.306,0,0,eth0
3.308,0,0,eth0
3.31,0,0,eth0
3.312,0,0,eth0
3.314,5.0,0,eth0
3.316,0,0,eth0
3.318,0,0,eth0
3.32,0,0,eth0
3.322,0,0,eth0
3.324,5.0,0,eth0
3.326,0,0,eth0
3.328,0,0,eth0
3.33,0,0,eth0
3.332,0,0,eth0
3.334,5.0,0,eth0
3.336,0,0,eth0
3.338,0,0,eth0
3.34,0,0,eth0
3.342,0,0,eth0
3.344,5.0,0,eth0
3.346,0,0,eth0
3.348,0,0,eth0
3.35,0,0,eth0
3.352,0,0,eth0
3.354,5.0,0,eth0
3.356,0,0,eth0
3.358,0,0,eth0
3.36,0,0,eth0
3.362,0,0,eth0
3.364,5.0,0,eth0
3.366,0,0,eth0
3.368,0,0,eth0
3.37,0,0,eth0
3.372,0,0,eth0
3.374,5.0,0,eth0
3.376,0,0,eth0
3.378,0,0,eth0
3.38,0,0,eth0
3.382,0,0,eth0
3.384,5.0,0,eth0
3.386,0,0,eth0
3.388,0,0,eth0
3.39,0,0,eth0
3.392,0,0,eth0
3.394,5.0,0,eth0
3.396,0,0,eth0
3.398,0,0,eth0
3.4,0,0,eth0
3.402,0,0,eth0
3.404,5.0,0,eth0
3.406,0,0,eth0
3.408,0,0,eth0
3.41,0,0,eth0
3.412,0,0,eth0
3.414,5.0,0,eth0
3.416,0,0,eth0
3.418,0,0,eth0
3.42,0,0,eth0
3.422,0,0,eth0
3.424,5.0,0,eth0
3.426,0,0,eth0
3.428,0,0,eth0
3.43,0,0,eth0
3.432,0,0,eth0
3.434,5.0,0,eth0
3.436,0,0,eth0
3.438,0,0,eth0
3.44,0,0,eth0
3.442,0,0,eth0
3.444,5.0,0,eth0
3.446,0,0,eth0
3.448,0,0,eth0
3.45,0,0,eth0
3.452,0,0,eth0
3.454,5.0,0,eth0
3.456,0,0,eth0
3.458,0,0,eth0
3.46,0,0,eth0
3.462,0,0,eth0
3.464,5.0,0,eth0
3.466,0,0,eth0
3.468,0,0,eth0
3.47,0,0,eth0
3.472,0,0,eth0
3.474,5.0,0,eth0
3.476,0,0,eth0
3.478,0,0,eth0
3.48,0,0,eth0
3.482,0,0,eth0
3.484,5.0,0,eth0
3.486,0,0,eth0
3.488,0,0,eth0
3.49,0,0,eth0
3.492,0,0,eth0
3.494,5.0,0,eth0
3.496,0,0,eth0
3.498,0,0,eth0
3.5,0,0,eth0
3.502,0,0,eth0
3.504,5.0,0,eth0
3.506,0,0,eth0
3.508,0,0,eth0
3.51,0,0,eth0
3.512,0,0,eth0
3.514,5.0,0,eth0
3.516,0,0,eth0
3.518,0,0,eth0
3.52,0,0,eth0
3.522,0,0,eth0
3.524,5.0,0,eth0
3.526,0,0,eth0
3.528,0,0,eth0
3.53,0,0,eth0
3.532,0,0,eth0
3.534,5.0,0,eth0
3.536,0,0,eth0
3.538,0,0,eth0
3.54,0,0,eth0
3.542,0,0,eth0
3.544,5.0,0,eth0
3.546,0,0,eth0
3.548,0,0,eth0
3.55,0,0,eth0
3.552,0,0,eth0
3.554,5.0,0,eth0
3.556,0,0,eth0
3.558,0,0,eth0
3.56,0,0,eth0
3.562,0,0,eth0
3.564,5.0,0,eth0
3.566,0,0,eth0
3.568,0,0,eth0
3.57,0,0,eth0
3.572,0,0,eth0
3.574,5.0,0,eth0
3.576,0,0,eth0
3.578,0,0,eth0
3.58,0,0,eth0
3.582,0,0,eth0
3.584,5.0,0,eth0
3.586,0,0,eth0
3.588,0,0,eth0
3.59,0,0,eth0
3.592,0,0,eth0
3.594,5.0,0,eth0
3.596,0,0,eth0
3.598,0,0,eth0
3.6,0,0,eth0
3.602,0,0,eth0
3.604,5.0,0,eth0
3.606,0,0,eth0
3.608,0,0,eth0
3.61,0,0,eth0
3.612,0,0,eth0
3.614,5.0,0,eth0
3.616,0,0,eth0
3.618,0,0,eth0
3.62,0,0,eth0
3.622,0,0,eth0
3.624,5.0,0,eth0
3.626,0,0,eth0
3.628,0,0,eth0
3.63,0,0,eth0
3.632,0,0,eth0
3.634,5.0,0,eth0
3.636,0,0,eth0
3.638,0,0,eth0
3.64,0,0,eth0
3.642,0,0,eth0
3.644,5.0,0,eth0
3.646,0,0,eth0
3.648,0,0,eth0
3.65,0,0,eth0
3.652,0,0,eth0
3.654,5.0,0,eth0
3.656,0,0,eth0
3.658,0,0,eth0
3.66,0,0,eth0
3.662,0,0,eth0
3.664,5.0,0,eth0
3.666,0,0,eth0
3.668,0,0,eth0
3.67,0,0,eth0
3.672,0,0,eth0
3.674,5.0,0,eth0
3.676,0,0,eth0
3.678,0,0,eth0
3.68,0,0,eth0
3.682,0,0,eth0
3.684,5.0,0,eth0
3.686,0,0,eth0
3.688,0,0,eth0
3.69,0,0,eth0
3.692,0,0,eth0
3.694,5.0,0,eth0
3.696,0,0,eth0
3.698,0,0,eth0
3.7,0,0,eth0
3.702,0,0,eth0
3.704,5.0,0,eth0
3.706,0,0,eth0
3.708,0,0,eth0
3.71,0,0,eth0
3.712,0,0,eth0
3.714,5.0,0,eth0
3.716,0,0,eth0
3.718,0,0,eth0
3.72,0,0,eth0
3.722,0,0,eth0
3.724,5.0,0,eth0
3.726,0,0,eth0
3.728,0,0,eth0
3.73,0,0,eth0
3.732,0,0,eth0
3.734,5.0,0,eth0
3.736,0,0,eth0
3.738,0,0,eth0
3.74,0,0,eth0
3.742,0,0,eth0
3.744,5.0,0,eth0
3.746,0,0,eth0
3.748,0,0,eth0
3.75,0,0,eth0
3.752,0,0,eth0
3.754,5.0,0,eth0
3.756,0,0,eth0
3.758,0,0,eth0
3.76,0,0,eth0
3.762,0,0,eth0
3.764,5.0,0,eth0
3.766,0,0,eth0
3.768,0,0,eth0
3.77,0,0,eth0
3.772,0,0,eth0
3.774,5.0,0,eth0
3.776,0,0,eth0
3.778,0,0,eth0
3.78,0,0,eth0
3.782,0,0,eth0
3.784,5.0,0,eth0
3.786,0,0,eth0
3.788,0,0,eth0
3.79,0,0,eth0
3.792,0,0,eth0
3.794,5.0,0,eth0
3.796,0,0,eth0
3.798,0,0,eth0
3.8,0,0,eth0
3.802,0,0,eth0
3.804,5.0,0,eth0
3.806,0,0,eth0
3.808,0,0,eth0
3.81,0,0,eth0
3.812,0,0,eth0
3.814,5.0,0,eth0
3.816,0,0,eth0
3.818,0,0,eth0
3.82,0,0,eth0
3.822,0,0,eth0
3.824,5.0,0,eth0
3.826,0,0,eth0
3.828,0,0,eth0
3.83,0,0,eth0
3.832,0,0,eth0
3.834,5.0,0,eth0
3.836,0,0,eth0
3.838,0,0,eth0
3.84,0,0,eth0
3.842,0,0,eth0
3.844,5.0,0,eth0
3.846,0,0,eth0
3.848,0,0,eth0
3.85,0,0,eth0
3.852,0,0,eth0
3.854,5.0,0,eth0
3.856,0,0,eth0
3.858,0,0,eth0
3.86,0,0,eth0
3.862,0,0,eth0
3.864,5.0,0,eth0
3.866,0,0,eth0
3.868,0,0,eth0
3.87,0,0,eth0
3.872,0,0,eth0
3.874,5.0,0,eth0
3.876,0,0,eth0
3.878,0,0,eth0
3.88,0,0,eth0
3.882,0,0,eth0
3.884,5.0,0,eth0
3.886,0,0,eth0
3.888,0,0,eth0
3.89,0,0,eth0
3.892,0,0,eth0
3.894,5.0,0,eth0
3.896,0,0,eth0
3.898,0,0,eth0
3.9,0,0,eth0
3.902,0,0,eth0
3.904,5.0,0,eth0
3.906,0,0,eth0
3.908,0,0,eth0
3.91,0,0,eth0
3.912,0,0,eth0
3.914,5.0,0,eth0
3.916,0,0,eth0
3.918,0,0,eth0
3.92,0,0,eth0
3.922,0,0,eth0
3.924,5.0,0,eth0
3.926,0,0,eth0
3.928,0,0,eth0
3.93,0,0,eth0
3.932,0,0,eth0
3.934,5.0,0,eth0
3.936,0,0,eth0
3.938,0,0,eth0
3.94,0,0,eth0
3.942,0,0,eth0
3.944,5.0,0,eth0
3.946,0,0,eth0
3.948,0,0,eth0
3.95,0,0,eth0
3.952,0,0,eth0
3.954,5.0,0,eth0
3.956,0,0,eth0
3.958,0,0,eth0
3.96,0,0,eth0
3.962,0,0,eth0
3.964,5.0,0,eth0
3.966,0,0,eth0
3.968,0,0,eth0
3.97,0,0,eth0
3.972,0,0,eth0
3.974,5.0,0,eth0
3.976,0,0,eth0
3.978,0,0,eth0
3.98,0,0,eth0
3.982,0,0,eth0
3.984,5.0,0,eth0
3.986,0,0,eth0
3.988,0,0,eth0
3.99,0,0,eth0
3.992,0,0,eth0
3.994,5.0,0,eth0
3.996,0,0,eth0
3.998,0,0,eth0
4.0,0,0,eth0
4.002,0,0,eth0
4.004,5.0,0,eth0
4.006,0,0,eth0
4.008,0,0,eth0
4.0,0,0,eth0
4.002,0,0,eth0
4.004,20.0,0,eth0
4.006,0,0,eth0
4.008,0,0,eth0
4.01,0,0,eth0
4.012,0,0,eth0
4.014,20.0,0,eth0
4.016,0,0,eth0
4.018,0,0,eth0
4.02,0,0,eth0
4.022,0,0,eth0
4.024,20.0,0,eth0
4.026,0,0,eth0
4.028,0,0,eth0
4.03,0,0,eth0
4.032,0,0,eth0
4.034,20.0,0,eth0
4.036,0,0,eth0
4.038,0,0,eth0
4.04,0,0,eth0
4.042,0,0,eth0
4.044,20.0,0,eth0
4.046,0,0,eth0
4.048,0,0,eth0
4.05,0,0,eth0
4.052,0,0,eth0
4.054,20.0,0,eth0
4.056,0,0,eth0
4.058,0,0,eth0
4.06,0,0,eth0
4.062,0,0,eth0
4.064,20.0,0,eth0
4.066,0,0,eth0
4.068,0,0,eth0
4.07,0,0,eth0
4.072,0,0,eth0
4.074,20.0,0,eth0
4.076,0,0,eth0
4.078,0,0,eth0
4.08,0,0,eth0
4.082,0,0,eth0
4.084,20.0,0,eth0
4.086,0,0,eth0
4.088,0,0,eth0
4.09,0,0,eth0
4.092,0,0,eth0
4.094,20.0,0,eth0
4.096,0,0,eth0
4.098,0,0,eth0
4.1,0,0,eth0
4.102,0,0,eth0
4.104,20.0,0,eth0
4.106,0,0,eth0
4.108,0,0,eth0
4.11,0,0,eth0
4.112,0,0,eth0
4.114,20.0,0,eth0
4.116,0,0,eth0
4.118,0,0,eth0
4.12,0,0,eth0
4.122,0,0,eth0
4.124,20.0,0,eth0
4.126,0,0,eth0
4.128,0,0,eth0
4.13,0,0,eth0
4.132,0,0,eth0
4.134,20.0,0,eth0
4.136,0,0,eth0
4.138,0,0,eth0
4.14,0,0,eth0
4.142,0,0,eth0
4.144,20.0,0,eth0
4.146,0,0,eth0
4.148,0,0,eth0
4.15,0,0,eth0
4.152,0,0,eth0
4.154,20.0,0,eth0
4.156,0,0,eth0
4.158,0,0,eth0
4.16,0,0,eth0
4.162,0,0,eth0
4.164,20.0,0,eth0
4.166,0,0,eth0
4.168,0,0,eth0
4.17,0,0,eth0
4.172,0,0,eth0
4.174,20.0,0,eth0
4.176,0,0,eth0
4.178,0,0,eth0
4.18,0,0,eth0
4.182,0,0,eth0
4.184,20.0,0,eth0
4.186,0,0,eth0
4.188,0,0,eth0
4.19,0,0,eth0
4.192,0,0,eth0
4.194,20.0,0,eth0
4.196,0,0,eth0
4.198,0,0,eth0
4.2,0,0,eth0
4.202,0,0,eth0
4.204,20.0,0,eth0
4.206,0,0,eth0
4.208,0,0,eth0
4.21,0,0,eth0
4.212,0,0,eth0
4.214,20.0,0,eth0
4.216,0,0,eth0
4.218,0,0,eth0
4.22,0,0,eth0
4.222,0,0,eth0
4.224,20.0,0,eth0
4.226,0,0,eth0
4.228,0,0,eth0
4.23,0,0,eth0
4.232,0,0,eth0
4.234,20.0,0,eth0
4.236,0,0,eth0
4.238,0,0,eth0
4.24,0,0,eth0
4.242,0,0,eth0
4.244,20.0,0,eth0
4.246,0,0,eth0
4.248,0,0,eth0
4.25,0,0,eth0
4.252,0,0,eth0
4.254,20.0,0,eth0
4.256,0,0,eth0
4.258,0,0,eth0
4.26,0,0,eth0
4.262,0,0,eth0
4.264,20.0,0,eth0
4.266,0,0,eth0
4.268,0,0,eth0
4.27,0,0,eth0
4.272,0,0,eth0
4.274,20.0,0,eth0
4.276,0,0,eth0
4.278,0,0,eth0
4.28,0,0,eth0
4.282,0,0,eth0
4.284,20.0,0,eth0
4.286,0,0,eth0
4.288,0,0,eth0
4.29,0,0,eth0
4.292,0,0,eth0
4.294,20.0,0,eth0
4.296,0,0,eth0
4.298,0,0,eth0
4.3,0,0,eth0
4.302,0,0,eth0
4.304,20.0,0,eth0
4.306,0,0,eth0
4.308,0,0,eth0
4.31,0,0,eth0
4.312,0,0,eth0
4.314,20.0,0,eth0
4.316,0,0,eth0
4.318,0,0,eth0
4.32,0,0,eth0
4.322,0,0,eth0
4.324,20.0,0,eth0
4.326,0,0,eth0
4.328,0,0,eth0
4.33,0,0,eth0
4.332,0,0,eth0
4.334,20.0,0,eth0
4.336,0,0,eth0
4.338,0,0,eth0
4.34,0,0,eth0
4.342,0,0,eth0
4.344,20.0,0,eth0
4.346,0,0,eth0
4.348,0,0,eth0
4.35,0,0,eth0
4.352,0,0,eth0
4.354,20.0,0,eth0
4.356,0,0,eth0
4.358,0,0,eth0
4.36,0,0,eth0
4.362,0,0,eth0
4.364,20.0,0,eth0
4.366,0,0,eth0
4.368,0,0,eth0
4.37,0,0,eth0
4.372,0,0,eth0
4.374,20.0,0,eth0
4.376,0,0,eth0
4.378,0,0,eth0
4.38,0,0,eth0
4.382,0,0,eth0
4.384,20.0,0,eth0
4.386,0,0,eth0
4.388,0,0,eth0
4.39,0,0,eth0
4.392,0,0,eth0
4.394,20.0,0,eth0
4.396,0,0,eth0
4.398,0,0,eth0
4.4,0,0,eth0
4.402,0,0,eth0
4.404,20.0,0,eth0
4.406,0,0,eth0
4.408,0,0,eth0
4.41,0,0,eth0
4.412,0,0,eth0
4.414,20.0,0,eth0
4.416,0,0,eth0
4.418,0,0,eth0
4.42,0,0,eth0
4.422,0,0,eth0
4.424,20.0,0,eth0
4.426,0,0,eth0
4.428,0,0,eth0
4.43,0,0,eth0
4.432,0,0,eth0
4.434,20.0,0,eth0
4.436,0,0,eth0
4.438,0,0,eth0
4.44,0,0,eth0
4.442,0,0,eth0
4.444,20.0,0,eth0
4.446,0,0,eth0
4.448,0,0,eth0
4.45,0,0,eth0
4.452,0,0,eth0
4.454,20.0,0,eth0
4.456,0,0,eth0
4.458,0,0,eth0
4.46,0,0,eth0
4.462,0,0,eth0
4.464,20.0,0,eth0
4.466,0,0,eth0
4.468,0,0,eth0
4.47,0,0,eth0
4.472,0,0,eth0
4.474,20.0,0,eth0
4.476,0,0,eth0
4.478,0,0,eth0
4.48,0,0,eth0
4.482,0,0,eth0
4.484,20.0,0,eth0
4.486,0,0,eth0
4.488,0,0,eth0
4.49,0,0,eth0
4.492,0,0,eth0
4.494,20.0,0,eth0
4.496,0,0,eth0
4.498,0,0,eth0
4.5,0,0,eth0
4.502,0,0,eth0
4.504,20.0,0,eth0
4.506,0,0,eth0
4.508,0,0,eth0
4.51,0,0,eth0
4.512,0,0,eth0
4.514,20.0,0,eth0
4.516,0,0,eth0
4.518,0,0,eth0
4.52,0,0,eth0
4.522,0,0,eth0
4.524,20.0,0,eth0
4.526,0,0,eth0
4.528,0,0,eth0
4.53,0,0,eth0
4.532,0,0,eth0
4.534,20.0,0,eth0
4.536,0,0,eth0
4.538,0,0,eth0
4.54,0,0,eth0
4.542,0,0,eth0
4.544,20.0,0,eth0
4.546,0,0,eth0
4.548,0,0,eth0
4.55,0,0,eth0
4.552,0,0,eth0
4.554,20.0,0,eth0
4.556,0,0,eth0
4.558,0,0,eth0
4.56,0,0,eth0
4.562,0,0,eth0
4.564,20.0,0,eth0
4.566,0,0,eth0
4.568,0,0,eth0
4.57,0,0,eth0
4.572,0,0,eth0
4.574,20.0,0,eth0
4.576,0,0,eth0
4.578,0,0,eth0
4.58,0,0,eth0
4.582,0,0,eth0
4.584,20.0,0,eth0
4.586,0,0,eth0
4.588,0,0,eth0
4.59,0,0,eth0
4.592,0,0,eth0
4.594,20.0,0,eth0
4.596,0,0,eth0
4.598,0,0,eth0
4.6,0,0,eth0
4.602,0,0,eth0
4.604,20.0,0,eth0
4.606,0,0,eth0
4.608,0,0,eth0
4.61,0,0,eth0
4.612,0,0,eth0
4.614,20.0,0,eth0
4.616,0,0,eth0
4.618,0,0,eth0
4.62,0,0,eth0
4.622,0,0,eth0
4.624,20.0,0,eth0
4.626,0,0,eth0
4.628,0,0,eth0
4.63,0,0,eth0
4.632,0,0,eth0
4.634,20.0,0,eth0
4.636,0,0,eth0
4.638,0,0,eth0
4.64,0,0,eth0
4.642,0,0,eth0
4.644,20.0,0,eth0
4.646,0,0,eth0
4.648,0,0,eth0
4.65,0,0,eth0
4.652,0,0,eth0
4.654,20.0,0,eth0
4.656,0,0,eth0
4.658,0,0,eth0
4.66,0,0,eth0
4.662,0,0,eth0
4.664,20.0,0,eth0
4.666,0,0,eth0
4.668,0,0,eth0
4.67,0,0,eth0
4.672,0,0,eth0
4.674,20.0,0,eth0
4.676,0,0,eth0
4.678,0,0,eth0
4.68,0,0,eth0
4.682,0,0,eth0
4.684,20.0,0,eth0
4.686,0,0,eth0
4.688,0,0,eth0
4.69,0,0,eth0
4.692,0,0,eth0
4.694,20.0,0,eth0
4.696,0,0,eth0
4.698,0,0,eth0
4.7,0,0,eth0
4.702,0,0,eth0
4.704,20.0,0,eth0
4.706,0,0,eth0
4.708,0,0,eth0
4.71,0,0,eth0
4.712,0,0,eth0
4.714,20.0,0,eth0
4.716,0,0,eth0
4.718,0,0,eth0
4.72,0,0,eth0
4.722,0,0,eth0
4.724,20.0,0,eth0
4.726,0,0,eth0
4.728,0,0,eth0
4.73,0,0,eth0
4.732,0,0,eth0
4.734,20.0,0,eth0
4.736,0,0,eth0
4.738,0,0,eth0
4.74,0,0,eth0
4.742,0,0,eth0
4.744,20.0,0,eth0
4.746,0,0,eth0
4.748,0,0,eth0
4.75,0,0,eth0
4.752,0,0,eth0
4.754,20.0,0,eth0
4.756,0,0,eth0
4.758,0,0,eth0
4.76,0,0,eth0
4.762,0,0,eth0
4.764,20.0,0,eth0
4.766,0,0,eth0
4.768,0,0,eth0
4.77,0,0,eth0
4.772,0,0,eth0
4.774,20.0,0,eth0
4.776,0,0,eth0
4.778,0,0,eth0
4.78,0,0,eth0
4.782,0,0,eth0
4.784,20.0,0,eth0
4.786,0,0,eth0
4.788,0,0,eth0
4.79,0,0,eth0
4.792,0,0,eth0
4.794,20.0,0,eth0
4.796,0,0,eth0
4.798,0,0,eth0
4.8,0,0,eth0
4.802,0,0,eth0
4.804,20.0,0,eth0
4.806,0,0,eth0
4.808,0,0,eth0
4.81,0,0,eth0
4.812,0,0,eth0
4.814,20.0,0,eth0
4.816,0,0,eth0
4.818,0,0,eth0
4.82,0,0,eth0
4.822,0,0,eth0
4.824,20.0,0,eth0
4.826,0,0,eth0
4.828,0,0,eth0
4.83,0,0,eth0
4.832,0,0,eth0
4.834,20.0,0,eth0
4.836,0,0,eth0
4.838,0,0,eth0
4.84,0,0,eth0
4.842,0,0,eth0
4.844,20.0,0,eth0
4.846,0,0,eth0
4.848,0,0,eth0
4.85,0,0,eth0
4.852,0,0,eth0
4.854,20.0,0,eth0
4.856,0,0,eth0
4.858,0,0,eth0
4.86,0,0,eth0
4.862,0,0,eth0
4.864,20.0,0,eth0
4.866,0,0,eth0
4.868,0,0,eth0
4.87,0,0,eth0
4.872,0,0,eth0
4.874,20.0,0,eth0
4.876,0,0,eth0
4.878,0,0,eth0
4.88,0,0,eth0
4.882,0,0,eth0
4.884,20.0,0,eth0
4.886,0,0,eth0
4.888,0,0,eth0
4.89,0,0,eth0
4.892,0,0,eth0
4.894,20.0,0,eth0
4.896,0,0,eth0
4.898,0,0,eth0
4.9,0,0,eth0
4.902,0,0,eth0
4.904,20.0,0,eth0
4.906,0,0,eth0
4.908,0,0,eth0
4.91,0,0,eth0
4.912,0,0,eth0
4.914,20.0,0,eth0
4.916,0,0,eth0
4.918,0,0,eth0
4.92,0,0,eth0
4.922,0,0,eth0
4.924,20.0,0,eth0
4.926,0,0,eth0
4.928,0,0,eth0
4.93,0,0,eth0
4.932,0,0,eth0
4.934,20.0,0,eth0
4.936,0,0,eth0
4.938,0,0,eth0
4.94,0,0,eth0
4.942,0,0,eth0
4.944,20.0,0,eth0
4.946,0,0,eth0
4.948,0,0,eth0
4.95,0,0,eth0
4.952,0,0,eth0
4.954,20.0,0,eth0
4.956,0,0,eth0
4.958,0,0,eth0
4.96,0,0,eth0
4.962,0,0,eth0
4.964,20.0,0,eth0
4.966,0,0,eth0
4.968,0,0,eth0
4.97,0,0,eth0
4.972,0,0,eth0
4.974,20.0,0,eth0
4.976,0,0,eth0
4.978,0,0,eth0
4.98,0,0,eth0
4.982,0,0,eth0
4.984,20.0,0,eth0
4.986,0,0,eth0
4.988,0,0,eth0
4.99,0,0,eth0
4.992,0,0,eth0
4.994,20.0,0,eth0
4.996,0,0,eth0
4.998,0,0,eth0
5.0,0,0,eth0
5.002,0,0,eth0
5.004,20.0,0,eth0
5.006,0,0,eth0
5.008,0,0,eth0
5.0,0,0,eth0
5.002,0,0,eth0
5.004,0.0,0,eth0
5.006,0,0,eth0
5.008,0,0,eth0
5.01,0,0,eth0
5.012,0,0,eth0
5.014,0.0,0,eth0
5.016,0,0,eth0
5.018,0,0,eth0
5.02,0,0,eth0
5.022,0,0,eth0
5.024,0.0,0,eth0
5.026,0,0,eth0
5.028,0,0,eth0
5.03,0,0,eth0
5.032,0,0,eth0
5.034,0.0,0,eth0
5.036,0,0,eth0
5.038,0,0,eth0
5.04,0,0,eth0
5.042,0,0,eth0
5.044,0.0,0,eth0
5.046,0,0,eth0
5.048,0,0,eth0
5.05,0,0,eth0
5.052,0,0,eth0
5.054,0.0,0,eth0
5.056,0,0,eth0
5.058,0,0,eth0
5.06,0,0,eth0
5.062,0,0,eth0
5.064,0.0,0,eth0
5.066,0,0,eth0
5.068,0,0,eth0
5.07,0,0,eth0
5.072,0,0,eth0
5.074,0.0,0,eth0
5.076,0,0,eth0
5.078,0,0,eth0
5.08,0,0,eth0
5.082,0,0,eth0
5.084,0.0,0,eth0
5.086,0,0,eth0
5.088,0,0,eth0
5.09,0,0,eth0
5.092,0,0,eth0
5.094,0.0,0,eth0
5.096,0,0,eth0
5.098,0,0,eth0
5.1,0,0,eth0
5.102,0,0,eth0
5.104,0.0,0,eth0
5.106,0,0,eth0
5.108,0,0,eth0
5.11,0,0,eth0
5.112,0,0,eth0
5.114,0.0,0,eth0
5.116,0,0,eth0
5.118,0,0,eth0
5.12,0,0,eth0
5.122,0,0,eth0
5.124,0.0,0,eth0
5.126,0,0,eth0
5.128,0,0,eth0
5.13,0,0,eth0
5.132,0,0,eth0
5.134,0.0,0,eth0
5.136,0,0,eth0
5.138,0,0,eth0
5.14,0,0,eth0
5.142,0,0,eth0
5.144,0.0,0,eth0
5.146,0,0,eth0
5.148,0,0,eth0
5.15,0,0,eth0
5.152,0,0,eth0
5.154,0.0,0,eth0
5.156,0,0,eth0
5.158,0,0,eth0
5.16,0,0,eth0
5.162,0,0,eth0
5.164,0.0,0,eth0
5.166,0,0,eth0
5.168,0,0,eth0
5.17,0,0,eth0
5.172,0,0,eth0
5.174,0.0,0,eth0
5.176,0,0,eth0
5.178,0,0,eth0
5.18,0,0,eth0
5.182,0,0,eth0
5.184,0.0,0,eth0
5.186,0,0,eth0
5.188,0,0,eth0
5.19,0,0,eth0
5.192,0,0,eth0
5.194,0.0,0,eth0
5.196,0,0,eth0
5.198,0,0,eth0
5.2,0,0,eth0
5.202,0,0,eth0
5.204,0.0,0,eth0
5.206,0,0,eth0
5.208,0,0,eth0
5.21,0,0,eth0
5.212,0,0,eth0
5.214,0.0,0,eth0
5.216,0,0,eth0
5.218,0,0,eth0
5.22,0,0,eth0
5.222,0,0,eth0
5.224,0.0,0,eth0
5.226,0,0,eth0
5.228,0,0,eth0
5.23,0,0,eth0
5.232,0,0,eth0
5.234,0.0,0,eth0
5.236,0,0,eth0
5.238,0,0,eth0
5.24,0,0,eth0
5.242,0,0,eth0
5.244,0.0,0,eth0
5.246,0,0,eth0
5.248,0,0,eth0
5.25,0,0,eth0
5.252,0,0,eth0
5.254,0.0,0,eth0
5.256,0,0,eth0
5.258,0,0,eth0
5.26,0,0,eth0
5.262,0,0,eth0
5.264,0.0,0,eth0
5.266,0,0,eth0
5.268,0,0,eth0
5.27,0,0,eth0
5.272,0,0,eth0
5.274,0.0,0,eth0
5.276,0,0,eth0
5.278,0,0,eth0
5.28,0,0,eth0
5.282,0,0,eth0
5.284,0.0,0,eth0
5.286,0,0,eth0
5.288,0,0,eth0
5.29,0,0,eth0
5.292,0,0,eth0
5.294,0.0,0,eth0
5.296,0,0,eth0
5.298,0,0,eth0
5.3,0,0,eth0
5.302,0,0,eth0
5.304,0.0,0,eth0
5.306,0,0,eth0
5.308,0,0,eth0
5.31,0,0,eth0
5.312,0,0,eth0
5.314,0.0,0,eth0
5.316,0,0,eth0
5.318,0,0,eth0
5.32,0,0,eth0
5.322,0,0,eth0
5.324,0.0,0,eth0
5.326,0,0,eth0
5.328,0,0,eth0
5.33,0,0,eth0
5.332,0,0,eth0
5.334,0.0,0,eth0
5.336,0,0,eth0
5.338,0,0,eth0
5.34,0,0,eth0
5.342,0,0,eth0
5.344,0.0,0,eth0
5.346,0,0,eth0
5.348,0,0,eth0
5.35,0,0,eth0
5.352,0,0,eth0
5.354,0.0,0,eth0
5.356,0,0,eth0
5.358,0,0,eth0
5.36,0,0,eth0
5.362,0,0,eth0
5.364,0.0,0,eth0
5.366,0,0,eth0
5.368,0,0,eth0
5.37,0,0,eth0
5.372,0,0,eth0
5.374,0.0,0,eth0
5.376,0,0,eth0
5.378,0,0,eth0
5.38,0,0,eth0
5.382,0,0,eth0
5.384,0.0,0,eth0
5.386,0,0,eth0
5.388,0,0,eth0
5.39,0,0,eth0
5.392,0,0,eth0
5.394,0.0,0,eth0
5.396,0,0,eth0
5.398,0,0,eth0
5.4,0,0,eth0
5.402,0,0,eth0
5.404,0.0,0,eth0
5.406,0,0,eth0
5.408,0,0,eth0
5.41,0,0,eth0
5.412,0,0,eth0
5.414,0.0,0,eth0
5.416,0,0,eth0
5.418,0,0,eth0
5.42,0,0,eth0
5.422,0,0,eth0
5.424,0.0,0,eth0
5.426,0,0,eth0
5.428,0,0,eth0
5.43,0,0,eth0
5.432,0,0,eth0
5.434,0.0,0,eth0
5.436,0,0,eth0
5.438,0,0,eth0
5.44,0,0,eth0
5.442,0,0,eth0
5.444,0.0,0,eth0
5.446,0,0,eth0
5.448,0,0,eth0
5.45,0,0,eth0
5.452,0,0,eth0
5.454,0.0,0,eth0
5.456,0,0,eth0
5.458,0,0,eth0
5.46,0,0,eth0
5.462,0,0,eth0
5.464,0.0,0,eth0
5.466,0,0,eth0
5.468,0,0,eth0
5.47,0,0,eth0
5.472,0,0,eth0
5.474,0.0,0,eth0
5.476,0,0,eth0
5.478,0,0,eth0
5.48,0,0,eth0
5.482,0,0,eth0
5.484,0.0,0,eth0
5.486,0,0,eth0
5.488,0,0,eth0
5.49,0,0,eth0
5.492,0,0,eth0
5.494,0.0,0,eth0
5.496,0,0,eth0
5.498,0,0,eth0
5.5,0,0,eth0
5.502,0,0,eth0
5.504,0.0,0,eth0
5.506,0,0,eth0
5.508,0,0,eth0
5.51,0,0,eth0
5.512,0,0,eth0
5.514,0.0,0,eth0
5.516,0,0,eth0
5.518,0,0,eth0
5.52,0,0,eth0
5.522,0,0,eth0
5.524,0.0,0,eth0
5.526,0,0,eth0
5.528,0,0,eth0
5.53,0,0,eth0
5.532,0,0,eth0
5.534,0.0,0,eth0
5.536,0,0,eth0
5.538,0,0,eth0
5.54,0,0,eth0
5.542,0,0,eth0
5.544,0.0,0,eth0
5.546,0,0,eth0
5.548,0,0,eth0
5.55,0,0,eth0
5.552,0,0,eth0
5.554,0.0,0,eth0
5.556,0,0,eth0
5.558,0,0,eth0
5.56,0,0,eth0
5.562,0,0,eth0
5.564,0.0,0,eth0
5.566,0,0,eth0
5.568,0,0,eth0
5.57,0,0,eth0
5.572,0,0,eth0
5.574,0.0,0,eth0
5.576,0,0,eth0
5.578,0,0,eth0
5.58,0,0,eth0
5.582,0,0,eth0
5.584,0.0,0,eth0
5.586,0,0,eth0
5.588,0,0,eth0
5.59,0,0,eth0
5.592,0,0,eth0
5.594,0.0,0,eth0
5.596,0,0,eth0
5.598,0,0,eth0
5.6,0,0,eth0
5.602,0,0,eth0
5.604,0.0,0,eth0
5.606,0,0,eth0
5.608,0,0,eth0
5.61,0,0,eth0
5.612,0,0,eth0
5.614,0.0,0,eth0
5.616,0,0,eth0
5.618,0,0,eth0
5.62,0,0,eth0
5.622,0,0,eth0
5.624,0.0,0,eth0
5.626,0,0,eth0
5.628,0,0,eth0
5.63,0,0,eth0
5.632,0,0,eth0
5.634,0.0,0,eth0
5.636,0,0,eth0
5.638,0,0,eth0
5.64,0,0,eth0
5.642,0,0,eth0
5.644,0.0,0,eth0
5.646,0,0,eth0
5.648,0,0,eth0
5.65,0,0,eth0
5.652,0,0,eth0
5.654,0.0,0,eth0
5.656,0,0,eth0
5.658,0,0,eth0
5.66,0,0,eth0
5.662,0,0,eth0
5.664,0.0,0,eth0
5.666,0,0,eth0
5.668,0,0,eth0
5.67,0,0,eth0
5.672,0,0,eth0
5.674,0.0,0,eth0
5.676,0,0,eth0
5.678,0,0,eth0
5.68,0,0,eth0
5.682,0,0,eth0
5.684,0.0,0,eth0
5.686,0,0,eth0
5.688,0,0,eth0
5.69,0,0,eth0
5.692,0,0,eth0
5.694,0.0,0,eth0
5.696,0,0,eth0
5.698,0,0,eth0
5.7,0,0,eth0
5.702,0,0,eth0
5.704,0.0,0,eth0
5.706,0,0,eth0
5.708,0,0,eth0
5.71,0,0,eth0
5.712,0,0,eth0
5.714,0.0,0,eth0
5.716,0,0,eth0
5.718,0,0,eth0
5.72,0,0,eth0
5.722,0,0,eth0
5.724,0.0,0,eth0
5.726,0,0,eth0
5.728,0,0,eth0
5.73,0,0,eth0
5.732,0,0,eth0
5.734,0.0,0,eth0
5.736,0,0,eth0
5.738,0,0,eth0
5.74,0,0,eth0
5.742,0,0,eth0
5.744,0.0,0,eth0
5.746,0,0,eth0
5.748,0,0,eth0
5.75,0,0,eth0
5.752,0,0,eth0
5.754,0.0,0,eth0
5.756,0,0,eth0
5.758,0,0,eth0
5.76,0,0,eth0
5.762,0,0,eth0
5.764,0.0,0,eth0
5.766,0,0,eth0
5.768,0,0,eth0
5.77,0,0,eth0
5.772,0,0,eth0
5.774,0.0,0,eth0
5.776,0,0,eth0
5.778,0,0,eth0
5.78,0,0,eth0
5.782,0,0,eth0
5.784,0.0,0,eth0
5.786,0,0,eth0
5.788,0,0,eth0
5.79,0,0,eth0
5.792,0,0,eth0
5.794,0.0,0,eth0
5.796,0,0,eth0
5.798,0,0,eth0
5.8,0,0,eth0
5.802,0,0,eth0
5.804,0.0,0,eth0
5.806,0,0,eth0
5.808,0,0,eth0
5.81,0,0,eth0
5.812,0,0,eth0
5.814,0.0,0,eth0
5.816,0,0,eth0
5.818,0,0,eth0
5.82,0,0,eth0
5.822,0,0,eth0
5.824,0.0,0,eth0
5.826,0,0,eth0
5.828,0,0,eth0
5.83,0,0,eth0
5.832,0,0,eth0
5.834,0.0,0,eth0
5.836,0,0,eth0
5.838,0,0,eth0
5.84,0,0,eth0
5.842,0,0,eth0
5.844,0.0,0,eth0
5.846,0,0,eth0
5.848,0,0,eth0
5.85,0,0,eth0
5.852,0,0,eth0
5.854,0.0,0,eth0
5.856,0,0,eth0
5.858,0,0,eth0
5.86,0,0,eth0
5.862,0,0,eth0
5.864,0.0,0,eth0
5.866,0,0,eth0
5.868,0,0,eth0
5.87,0,0,eth0
5.872,0,0,eth0
5.874,0.0,0,eth0
5.876,0,0,eth0
5.878,0,0,eth0
5.88,0,0,eth0
5.882,0,0,eth0
5.884,0.0,0,eth0
5.886,0,0,eth0
5.888,0,0,eth0
5.89,0,0,eth0
5.892,0,0,eth0
5.894,0.0,0,eth0
5.896,0,0,eth0
5.898,0,0,eth0
5.9,0,0,eth0
5.902,0,0,eth0
5.904,0.0,0,eth0
5.906,0,0,eth0
5.908,0,0,eth0
5.91,0,0,eth0
5.912,0,0,eth0
5.914,0.0,0,eth0
5.916,0,0,eth0
5.918,0,0,eth0
5.92,0,0,eth0
5.922,0,0,eth0
5.924,0.0,0,eth0
5.926,0,0,eth0
5.928,0,0,eth0
5.93,0,0,eth0
5.932,0,0,eth0
5.934,0.0,0,eth0
5.936,0,0,eth0
5.938,0,0,eth0
5.94,0,0,eth0
5.942,0,0,eth0
5.944,0.0,0,eth0
5.946,0,0,eth0
5.948,0,0,eth0
5.95,0,0,eth0
5.952,0,0,eth0
5.954,0.0,0,eth0
5.956,0,0,eth0
5.958,0,0,eth0
5.96,0,0,eth0
5.962,0,0,eth0
5.964,0.0,0,eth0
5.966,0,0,eth0
5.968,0,0,eth0
5.97,0,0,eth0
5.972,0,0,eth0
5.974,0.0,0,eth0
5.976,0,0,eth0
5.978,0,0,eth0
5.98,0,0,eth0
5.982,0,0,eth0
5.984,0.0,0,eth0
5.986,0,0,eth0
5.988,0,0,eth0
5.99,0,0,eth0
5.992,0,0,eth0
5.994,0.0,0,eth0
5.996,0,0,eth0
5.998,0,0,eth0
6.0,0,0,eth0
6.002,0,0,eth0
6.004,0.0,0,eth0
6.006,0,0,eth0
6.008,0,0,eth0
6.0,0,0,eth0
6.002,0,0,eth0
6.004,10.0,0,eth0
6.006,0,0,eth0
6.008,0,0,eth0
6.01,0,0,eth0
6.012,0,0,eth0
6.014,10.0,0,eth0
6.016,0,0,eth0
6.018,0,0,eth0
6.02,0,0,eth0
6.022,0,0,eth0
6.024,10.0,0,eth0
6.026,0,0,eth0
6.028,0,0,eth0
6.03,0,0,eth0
6.032,0,0,eth0
6.034,10.0,0,eth0
6.036,0,0,eth0
6.038,0,0,eth0
6.04,0,0,eth0
6.042,0,0,eth0
6.044,10.0,0,eth0
6.046,0,0,eth0
6.048,0,0,eth0
6.05,0,0,eth0
6.052,0,0,eth0
6.054,10.0,0,eth0
6.056,0,0,eth0
6.058,0,0,eth0
6.06,0,0,eth0
6.062,0,0,eth0
6.064,10.0,0,eth0
6.066,0,0,eth0
6.068,0,0,eth0
6.07,0,0,eth0
6.072,0,0,eth0
6.074,10.0,0,eth0
6.076,0,0,eth0
6.078,0,0,eth0
6.08,0,0,eth0
6.082,0,0,eth0
6.084,10.0,0,eth0
6.086,0,0,eth0
6.088,0,0,eth0
6.09,0,0,eth0
6.092,0,0,eth0
6.094,10.0,0,eth0
6.096,0,0,eth0
6.098,0,0,eth0
6.1,0,0,eth0
6.102,0,0,eth0
6.104,10.0,0,eth0
6.106,0,0,eth0
6.108,0,0,eth0
6.11,0,0,eth0
6.112,0,0,eth0
6.114,10.0,0,eth0
6.116,0,0,eth0
6.118,0,0,eth0
6.12,0,0,eth0
6.122,0,0,eth0
6.124,10.0,0,eth0
6.126,0,0,eth0
6.128,0,0,eth0
6.13,0,0,eth0
6.132,0,0,eth0
6.134,10.0,0,eth0
6.136,0,0,eth0
6.138,0,0,eth0
6.14,0,0,eth0
6.142,0,0,eth0
6.144,10.0,0,eth0
6.146,0,0,eth0
6.148,0,0,eth0
6.15,0,0,eth0
6.152,0,0,eth0
6.154,10.0,0,eth0
6.156,0,0,eth0
6.158,0,0,eth0
6.16,0,0,eth0
6.162,0,0,eth0
6.164,10.0,0,eth0
6.166,0,0,eth0
6.168,0,0,eth0
6.17,0,0,eth0
6.172,0,0,eth0
6.174,10.0,0,eth0
6.176,0,0,eth0
6.178,0,0,eth0
6.18,0,0,eth0
6.182,0,0,eth0
6.184,10.0,0,eth0
6.186,0,0,eth0
6.188,0,0,eth0
6.19,0,0,eth0
6.192,0,0,eth0
6.194,10.0,0,eth0
6.196,0,0,eth0
6.198,0,0,eth0
6.2,0,0,eth0
6.202,0,0,eth0
6.204,10.0,0,eth0
6.206,0,0,eth0
6.208,0,0,eth0
6.21,0,0,eth0
6.212,0,0,eth0
6.214,10.0,0,eth0
6.216,0,0,eth0
6.218,0,0,eth0
6.22,0,0,eth0
6.222,0,0,eth0
6.224,10.0,0,eth0
6.226,0,0,eth0
6.228,0,0,eth0
6.23,0,0,eth0
6.232,0,0,eth0
6.234,10.0,0,eth0
6.236,0,0,eth0
6.238,0,0,eth0
6.24,0,0,eth0
6.242,0,0,eth0
6.244,10.0,0,eth0
6.246,0,0,eth0
6.248,0,0,eth0
6.25,0,0,eth0
6.252,0,0,eth0
6.254,10.0,0,eth0
6.256,0,0,eth0
6.258,0,0,eth0
6.26,0,0,eth0
6.262,0,0,eth0
6.264,10.0,0,eth0
6.266,0,0,eth0
6.268,0,0,eth0
6.27,0,0,eth0
6.272,0,0,eth0
6.274,10.0,0,eth0
6.276,0,0,eth0
6.278,0,0,eth0
6.28,0,0,eth0
6.282,0,0,eth0
6.284,10.0,0,eth0
6.286,0,0,eth0
6.288,0,0,eth0
6.29,0,0,eth0
6.292,0,0,eth0
6.294,10.0,0,eth0
6.296,0,0,eth0
6.298,0,0,eth0
6.3,0,0,eth0
6.302,0,0,eth0
6.304,10.0,0,eth0
6.306,0,0,eth0
6.308,0,0,eth0
6.31,0,0,eth0
6.312,0,0,eth0
6.314,10.0,0,eth0
6.316,0,0,eth0
6.318,0,0,eth0
6.32,0,0,eth0
6.322,0,0,eth0
6.324,10.0,0,eth0
6.326,0,0,eth0
6.328,0,0,eth0
6.33,0,0,eth0
6.332,0,0,eth0
6.334,10.0,0,eth0
6.336,0,0,eth0
6.338,0,0,eth0
6.34,0,0,eth0
6.342,0,0,eth0
6.344,10.0,0,eth0
6.346,0,0,eth0
6.348,0,0,eth0
6.35,0,0,eth0
6.352,0,0,eth0
6.354,10.0,0,eth0
6.356,0,0,eth0
6.358,0,0,eth0
6.36,0,0,eth0
6.362,0,0,eth0
6.364,10.0,0,eth0
6.366,0,0,eth0
6.368,0,0,eth0
6.37,0,0,eth0
6.372,0,0,eth0
6.374,10.0,0,eth0
6.376,0,0,eth0
6.378,0,0,eth0
6.38,0,0,eth0
6.382,0,0,eth0
6.384,10.0,0,eth0
6.386,0,0,eth0
6.388,0,0,eth0
6.39,0,0,eth0
6.392,0,0,eth0
6.394,10.0,0,eth0
6.396,0,0,eth0
6.398,0,0,eth0
6.4,0,0,eth0
6.402,0,0,eth0
6.404,10.0,0,eth0
6.406,0,0,eth0
6.408,0,0,eth0
6.41,0,0,eth0
6.412,0,0,eth0
6.414,10.0,0,eth0
6.416,0,0,eth0
6.418,0,0,eth0
6.42,0,0,eth0
6.422,0,0,eth0
6.424,10.0,0,eth0
6.426,0,0,eth0
6.428,0,0,eth0
6.43,0,0,eth0
6.432,0,0,eth0
6.434,10.0,0,eth0
6.436,0,0,eth0
6.438,0,0,eth0
6.44,0,0,eth0
6.442,0,0,eth0
6.444,10.0,0,eth0
6.446,0,0,eth0
6.448,0,0,eth0
6.45,0,0,eth0
6.452,0,0,eth0
6.454,10.0,0,eth0
6.456,0,0,eth0
6.458,0,0,eth0
6.46,0,0,eth0
6.462,0,0,eth0
6.464,10.0,0,eth0
6.466,0,0,eth0
6.468,0,0,eth0
6.47,0,0,eth0
6.472,0,0,eth0
6.474,10.0,0,eth0
6.476,0,0,eth0
6.478,0,0,eth0
6.48,0,0,eth0
6.482,0,0,eth0
6.484,10.0,0,eth0
6.486,0,0,eth0
6.488,0,0,eth0
6.49,0,0,eth0
6.492,0,0,eth0
6.494,10.0,0,eth0
6.496,0,0,eth0
6.498,0,0,eth0
6.5,0,0,eth0
6.502,0,0,eth0
6.504,10.0,0,eth0
6.506,0,0,eth0
6.508,0,0,eth0
6.51,0,0,eth0
6.512,0,0,eth0
6.514,10.0,0,eth0
6.516,0,0,eth0
6.518,0,0,eth0
6.52,0,0,eth0
6.522,0,0,eth0
6.524,10.0,0,eth0
6.526,0,0,eth0
6.528,0,0,eth0
6.53,0,0,eth0
6.532,0,0,eth0
6.534,10.0,0,eth0
6.536,0,0,eth0
6.538,0,0,eth0
6.54,0,0,eth0
6.542,0,0,eth0
6.544,10.0,0,eth0
6.546,0,0,eth0
6.548,0,0,eth0
6.55,0,0,eth0
6.552,0,0,eth0
6.554,10.0,0,eth0
6.556,0,0,eth0
6.558,0,0,eth0
6.56,0,0,eth0
6.562,0,0,eth0
6.564,10.0,0,eth0
6.566,0,0,eth0
6.568,0,0,eth0
6.57,0,0,eth0
6.572,0,0,eth0
6.574,10.0,0,eth0
6.576,0,0,eth0
6.578,0,0,eth0
6.58,0,0,eth0
6.582,0,0,eth0
6.584,10.0,0,eth0
6.586,0,0,eth0
6.588,0,0,eth0
6.59,0,0,eth0
6.592,0,0,eth0
6.594,10.0,0,eth0
6.596,0,0,eth0
6.598,0,0,eth0
6.6,0,0,eth0
6.602,0,0,eth0
6.604,10.0,0,eth0
6.606,0,0,eth0
6.608,0,0,eth0
6.61,0,0,eth0
6.612,0,0,eth0
6.614,10.0,0,eth0
6.616,0,0,eth0
6.618,0,0,eth0
6.62,0,0,eth0
6.622,0,0,eth0
6.624,10.0,0,eth0
6.626,0,0,eth0
6.628,0,0,eth0
6.63,0,0,eth0
6.632,0,0,eth0
6.634,10.0,0,eth0
6.636,0,0,eth0
6.638,0,0,eth0
6.64,0,0,eth0
6.642,0,0,eth0
6.644,10.0,0,eth0
6.646,0,0,eth0
6.648,0,0,eth0
6.65,0,0,eth0
6.652,0,0,eth0
6.654,10.0,0,eth0
6.656,0,0,eth0
6.658,0,0,eth0
6.66,0,0,eth0
6.662,0,0,eth0
6.664,10.0,0,eth0
6.666,0,0,eth0
6.668,0,0,eth0
6.67,0,0,eth0
6.672,0,0,eth0
6.674,10.0,0,eth0
6.676,0,0,eth0
6.678,0,0,eth0
6.68,0,0,eth0
6.682,0,0,eth0
6.684,10.0,0,eth0
6.686,0,0,eth0
6.688,0,0,eth0
6.69,0,0,eth0
6.692,0,0,eth0
6.694,10.0,0,eth0
6.696,0,0,eth0
6.698,0,0,eth0
6.7,0,0,eth0
6.702,0,0,eth0
6.704,10.0,0,eth0
6.706,0,0,eth0
6.708,0,0,eth0
6.71,0,0,eth0
6.712,0,0,eth0
6.714,10.0,0,eth0
6.716,0,0,eth0
6.718,0,0,eth0
6.72,0,0,eth0
6.722,0,0,eth0
6.724,10.0,0,eth0
6.726,0,0,eth0
6.728,0,0,eth0
6.73,0,0,eth0
6.732,0,0,eth0
6.734,10.0,0,eth0
6.736,0,0,eth0
6.738,0,0,eth0
6.74,0,0,eth0
6.742,0,0,eth0
6.744,10.0,0,eth0
6.746,0,0,eth0
6.748,0,0,eth0
6.75,0,0,eth0
6.752,0,0,eth0
6.754,10.0,0,eth0
6.756,0,0,eth0
6.758,0,0,eth0
6.76,0,0,eth0
6.762,0,0,eth0
6.764,10.0,0,eth0
6.766,0,0,eth0
6.768,0,0,eth0
6.77,0,0,eth0
6.772,0,0,eth0
6.774,10.0,0,eth0
6.776,0,0,eth0
6.778,0,0,eth0
6.78,0,0,eth0
6.782,0,0,eth0
6.784,10.0,0,eth0
6.786,0,0,eth0
6.788,0,0,eth0
6.79,0,0,eth0
6.792,0,0,eth0
6.794,10.0,0,eth0
6.796,0,0,eth0
6.798,0,0,eth0
6.8,0,0,eth0
6.802,0,0,eth0
6.804,10.0,0,eth0
6.806,0,0,eth0
6.808,0,0,eth0
6.81,0,0,eth0
6.812,0,0,eth0
6.814,10.0,0,eth0
6.816,0,0,eth0
6.818,0,0,eth0
6.82,0,0,eth0
6.822,0,0,eth0
6.824,10.0,0,eth0
6.826,0,0,eth0
6.828,0,0,eth0
6.83,0,0,eth0
6.832,0,0,eth0
6.834,10.0,0,eth0
6.836,0,0,eth0
6.838,0,0,eth0
6.84,0,0,eth0
6.842,0,0,eth0
6.844,10.0,0,eth0
6.846,0,0,eth0
6.848,0,0,eth0
6.85,0,0,eth0
6.852,0,0,eth0
6.854,10.0,0,eth0
6.856,0,0,eth0
6.858,0,0,eth0
6.86,0,0,eth0
6.862,0,0,eth0
6.864,10.0,0,eth0
6.866,0,0,eth0
6.868,0,0,eth0
6.87,0,0,eth0
6.872,0,0,eth0
6.874,10.0,0,eth0
6.876,0,0,eth0
6.878,0,0,eth0
6.88,0,0,eth0
6.882,0,0,eth0
6.884,10.0,0,eth0
6.886,0,0,eth0
6.888,0,0,eth0
6.89,0,0,eth0
6.892,0,0,eth0
6.894,10.0,0,eth0
6.896,0,0,eth0
6.898,0,0,eth0
6.9,0,0,eth0
6.902,0,0,eth0
6.904,10.0,0,eth0
6.906,0,0,eth0
6.908,0,0,eth0
6.91,0,0,eth0
6.912,0,0,eth0
6.914,10.0,0,eth0
6.916,0,0,eth0
6.918,0,0,eth0
6.92,0,0,eth0
6.922,0,0,eth0
6.924,10.0,0,eth0
6.926,0,0,eth0
6.928,0,0,eth0
6.93,0,0,eth0
6.932,0,0,eth0
6.934,10.0,0,eth0
6.936,0,0,eth0
6.938,0,0,eth0
6.94,0,0,eth0
6.942,0,0,eth0
6.944,10.0,0,eth0
6.946,0,0,eth0
6.948,0,0,eth0
6.95,0,0,eth0
6.952,0,0,eth0
6.954,10.0,0,eth0
6.956,0,0,eth0
6.958,0,0,eth0
6.96,0,0,eth0
6.962,0,0,eth0
6.964,10.0,0,eth0
6.966,0,0,eth0
6.968,0,0,eth0
6.97,0,0,eth0
6.972,0,0,eth0
6.974,10.0,0,eth0
6.976,0,0,eth0
6.978,0,0,eth0
6.98,0,0,eth0
6.982,0,0,eth0
6.984,10.0,0,eth0
6.986,0,0,eth0
6.988,0,0,eth0
6.99,0,0,eth0
6.992,0,0,eth0
6.994,10.0,0,eth0
6.996,0,0,eth0
6.998,0,0,eth0
7.0,0,0,eth0
7.002,0,0,eth0
7.004,10.0,0,eth0
7.006,0,0,eth0
7.008,0,0,eth0
7.01,0,0,eth0
7.012,0,0,eth0
7.014,10.0,0,eth0
7.016,0,0,eth0
7.018,0,0,eth0
7.02,0,0,eth0
7.022,0,0,eth0
7.024,10.0,0,eth0
7.026,0,0,eth0
7.028,0,0,eth0
7.03,0,0,eth0
7.032,0,0,eth0
7.034,10.0,0,eth0
7.036,0,0,eth0
7.038,0,0,eth0
7.04,0,0,eth0
7.042,0,0,eth0
7.044,10.0,0,eth0
7.046,0,0,eth0
7.048,0,0,eth0
7.05,0,0,eth0
7.052,0,0,eth0
7.054,10.0,0,eth0
7.056,0,0,eth0
7.058,0,0,eth0
7.06,0,0,eth0
7.062,0,0,eth0
7.064,10.0,0,eth0
7.066,0,0,eth0
7.068,0,0,eth0
7.07,0,0,eth0
7.072,0,0,eth0
7.074,10.0,0,eth0
7.076,0,0,eth0
7.078,0,0,eth0
7.08,0,0,eth0
7.082,0,0,eth0
7.084,10.0,0,eth0
7.086,0,0,eth0
7.088,0,0,eth0
7.09,0,0,eth0
7.092,0,0,eth0
7.094,10.0,0,eth0
7.096,0,0,eth0
7.098,0,0,eth0
7.1,0,0,eth0
7.102,0,0,eth0
7.104,10.0,0,eth0
7.106,0,0,eth0
7.108,0,0,eth0
7.11,0,0,eth0
7.112,0,0,eth0
7.114,10.0,0,eth0
7.116,0,0,eth0
7.118,0,0,eth0
7.12,0,0,eth0
7.122,0,0,eth0
7.124,10.0,0,eth0
7.126,0,0,eth0
7.128,0,0,eth0
7.13,0,0,eth0
7.132,0,0,eth0
7.134,10.0,0,eth0
7.136,0,0,eth0
7.138,0,0,eth0
7.14,0,0,eth0
7.142,0,0,eth0
7.144,10.0,0,eth0
7.146,0,0,eth0
7.148,0,0,eth0
7.15,0,0,eth0
7.152,0,0,eth0
7.154,10.0,0,eth0
7.156,0,0,eth0
7.158,0,0,eth0
7.16,0,0,eth0
7.162,0,0,eth0
7.164,10.0,0,eth0
7.166,0,0,eth0
7.168,0,0,eth0
7.17,0,0,eth0
7.172,0,0,eth0
7.174,10.0,0,eth0
7.176,0,0,eth0
7.178,0,0,eth0
7.18,0,0,eth0
7.182,0,0,eth0
7.184,10.0,0,eth0
7.186,0,0,eth0
7.188,0,0,eth0
7.19,0,0,eth0
7.192,0,0,eth0
7.194,10.0,0,eth0
7.196,0,0,eth0
7.198,0,0,eth0
7.2,0,0,eth0
7.202,0,0,eth0
7.204,10.0,0,eth0
7.206,0,0,eth0
7.208,0,0,eth0
7.21,0,0,eth0
7.212,0,0,eth0
7.214,10.0,0,eth0
7.216,0,0,eth0
7.218,0,0,eth0
7.22,0,0,eth0
7.222,0,0,eth0
7.224,10.0,0,eth0
7.226,0,0,eth0
7.228,0,0,eth0
7.23,0,0,eth0
7.232,0,0,eth0
7.234,10.0,0,eth0
7.236,0,0,eth0
7.238,0,0,eth0
7.24,0,0,eth0
7.242,0,0,eth0
7.244,10.0,0,eth0
7.246,0,0,eth0
7.248,0,0,eth0
7.25,0,0,eth0
7.252,0,0,eth0
7.254,10.0,0,eth0
7.256,0,0,eth0
7.258,0,0,eth0
7.26,0,0,eth0
7.262,0,0,eth0
7.264,10.0,0,eth0
7.266,0,0,eth0
7.268,0,0,eth0
7.27,0,0,eth0
7.272,0,0,eth0
7.274,10.0,0,eth0
7.276,0,0,eth0
7.278,0,0,eth0
7.28,0,0,eth0
7.282,0,0,eth0
7.284,10.0,0,eth0
7.286,0,0,eth0
7.288,0,0,eth0
7.29,0,0,eth0
7.292,0,0,eth0
7.294,10.0,0,eth0
7.296,0,0,eth0
7.298,0,0,eth0
7.3,0,0,eth0
7.302,0,0,eth0
7.304,10.0,0,eth0
7.306,0,0,eth0
7.308,0,0,eth0
7.31,0,0,eth0
7.312,0,0,eth0
7.314,10.0,0,eth0
7.316,0,0,eth0
7.318,0,0,eth0
7.32,0,0,eth0
7.322,0,0,eth0
7.324,10.0,0,eth0
7.326,0,0,eth0
7.328,0,0,eth0
7.33,0,0,eth0
7.332,0,0,eth0
7.334,10.0,0,eth0
7.336,0,0,eth0
7.338,0,0,eth0
7.34,0,0,eth0
7.342,0,0,eth0
7.344,10.0,0,eth0
7.346,0,0,eth0
7.348,0,0,eth0
7.35,0,0,eth0
7.352,0,0,eth0
7.354,10.0,0,eth0
7.356,0,0,eth0
7.358,0,0,eth0
7.36,0,0,eth0
7.362,0,0,eth0
7.364,10.0,0,eth0
7.366,0,0,eth0
7.368,0,0,eth0
7.37,0,0,eth0
7.372,0,0,eth0
7.374,10.0,0,eth0
7.376,0,0,eth0
7.378,0,0,eth0
7.38,0,0,eth0
7.382,0,0,eth0
7.384,10.0,0,eth0
7.386,0,0,eth0
7.388,0,0,eth0
7.39,0,0,eth0
7.392,0,0,eth0
7.394,10.0,0,eth0
7.396,0,0,eth0
7.398,0,0,eth0
7.4,0,0,eth0
7.402,0,0,eth0
7.404,10.0,0,eth0
7.406,0,0,eth0
7.408,0,0,eth0
7.41,0,0,eth0
7.412,0,0,eth0
7.414,10.0,0,eth0
7.416,0,0,eth0
7.418,0,0,eth0
7.42,0,0,eth0
7.422,0,0,eth0
7.424,10.0,0,eth0
7.426,0,0,eth0
7.428,0,0,eth0
7.43,0,0,eth0
7.432,0,0,eth0
7.434,10.0,0,eth0
7.436,0,0,eth0
7.438,0,0,eth0
7.44,0,0,eth0
7.442,0,0,eth0
7.444,10.0,0,eth0
7.446,0,0,eth0
7.448,0,0,eth0
7.45,0,0,eth0
7.452,0,0,eth0
7.454,10.0,0,eth0
7.456,0,0,eth0
7.458,0,0,eth0
7.46,0,0,eth0
7.462,0,0,eth0
7.464,10.0,0,eth0
7.466,0,0,eth0
7.468,0,0,eth0
7.47,0,0,eth0
7.472,0,0,eth0
7.474,10.0,0,eth0
7.476,0,0,eth0
7.478,0,0,eth0
7.48,0,0,eth0
7.482,0,0,eth0
7.484,10.0,0,eth0
7.486,0,0,eth0
7.488,0,0,eth0
7.49,0,0,eth0
7.492,0,0,eth0
7.494,10.0,0,eth0
7.496,0,0,eth0
7.498,0,0,eth0
7.5,0,0,eth0
7.502,0,0,eth0
7.504,10.0,0,eth0
7.506,0,0,eth0
7.508,0,0,eth0
7.51,0,0,eth0
7.512,0,0,eth0
7.514,10.0,0,eth0
7.516,0,0,eth0
7.518,0,0,eth0
7.52,0,0,eth0
7.522,0,0,eth0
7.524,10.0,0,eth0
7.526,0,0,eth0
7.528,0,0,eth0
7.53,0,0,eth0
7.532,0,0,eth0
7.534,10.0,0,eth0
7.536,0,0,eth0
7.538,0,0,eth0
7.54,0,0,eth0
7.542,0,0,eth0
7.544,10.0,0,eth0
7.546,0,0,eth0
7.548,0,0,eth0
7.55,0,0,eth0
7.552,0,0,eth0
7.554,10.0,0,eth0
7.556,0,0,eth0
7.558,0,0,eth0
7.56,0,0,eth0
7.562,0,0,eth0
7.564,10.0,0,eth0
7.566,0,0,eth0
7.568,0,0,eth0
7.57,0,0,eth0
7.572,0,0,eth0
7.574,10.0,0,eth0
7.576,0,0,eth0
7.578,0,0,eth0
7.58,0,0,eth0
7.582,0,0,eth0
7.584,10.0,0,eth0
7.586,0,0,eth0
7.588,0,0,eth0
7.59,0,0,eth0
7.592,0,0,eth0
7.594,10.0,0,eth0
7.596,0,0,eth0
7.598,0,0,eth0
7.6,0,0,eth0
7.602,0,0,eth0
7.604,10.0,0,eth0
7.606,0,0,eth0
7.608,0,0,eth0
7.61,0,0,eth0
7.612,0,0,eth0
7.614,10.0,0,eth0
7.616,0,0,eth0
7.618,0,0,eth0
7.62,0,0,eth0
7.622,0,0,eth0
7.624,10.0,0,eth0
7.626,0,0,eth0
7.628,0,0,eth0
7.63,0,0,eth0
7.632,0,0,eth0
7.634,10.0,0,eth0
7.636,0,0,eth0
7.638,0,0,eth0
7.64,0,0,eth0
7.642,0,0,eth0
7.644,10.0,0,eth0
7.646,0,0,eth0
7.648,0,0,eth0
7.65,0,0,eth0
7.652,0,0,eth0
7.654,10.0,0,eth0
7.656,0,0,eth0
7.658,0,0,eth0
7.66,0,0,eth0
7.662,0,0,eth0
7.664,10.0,0,eth0
7.666,0,0,eth0
7.668,0,0,eth0
7.67,0,0,eth0
7.672,0,0,eth0
7.674,10.0,0,eth0
7.676,0,0,eth0
7.678,0,0,eth0
7.68,0,0,eth0
7.682,0,0,eth0
7.684,10.0,0,eth0
7.686,0,0,eth0
7.688,0,0,eth0
7.69,0,0,eth0
7.692,0,0,eth0
7.694,10.0,0,eth0
7.696,0,0,eth0
7.698,0,0,eth0
7.7,0,0,eth0
7.702,0,0,eth0
7.704,10.0,0,eth0
7.706,0,0,eth0
7.708,0,0,eth0
7.71,0,0,eth0
7.712,0,0,eth0
7.714,10.0,0,eth0
7.716,0,0,eth0
7.718,0,0,eth0
7.72,0,0,eth0
7.722,0,0,eth0
7.724,10.0,0,eth0
7.726,0,0,eth0
7.728,0,0,eth0
7.73,0,0,eth0
7.732,0,0,eth0
7.734,10.0,0,eth0
7.736,0,0,eth0
7.738,0,0,eth0
7.74,0,0,eth0
7.742,0,0,eth0
7.744,10.0,0,eth0
7.746,0,0,eth0
7.748,0,0,eth0
7.75,0,0,eth0
7.752,0,0,eth0
7.754,10.0,0,eth0
7.756,0,0,eth0
7.758,0,0,eth0
7.76,0,0,eth0
7.762,0,0,eth0
7.764,10.0,0,eth0
7.766,0,0,eth0
7.768,0,0,eth0
7.77,0,0,eth0
7.772,0,0,eth0
7.774,10.0,0,eth0
7.776,0,0,eth0
7.778,0,0,eth0
7.78,0,0,eth0
7.782,0,0,eth0
7.784,10.0,0,eth0
7.786,0,0,eth0
7.788,0,0,eth0
7.79,0,0,eth0
7.792,0,0,eth0
7.794,10.0,0,eth0
7.796,0,0,eth0
7.798,0,0,eth0
7.8,0,0,eth0
7.802,0,0,eth0
7.804,10.0,0,eth0
7.806,0,0,eth0
7.808,0,0,eth0
7.81,0,0,eth0
7.812,0,0,eth0
7.814,10.0,0,eth0
7.816,0,0,eth0
7.818,0,0,eth0
7.82,0,0,eth0
7.822,0,0,eth0
7.824,10.0,0,eth0
7.826,0,0,eth0
7.828,0,0,eth0
7.83,0,0,eth0
7.832,0,0,eth0
7.834,10.0,0,eth0
7.836,0,0,eth0
7.838,0,0,eth0
7.84,0,0,eth0
7.842,0,0,eth0
7.844,10.0,0,eth0
7.846,0,0,eth0
7.848,0,0,eth0
7.85,0,0,eth0
7.852,0,0,eth0
7.854,10.0,0,eth0
7.856,0,0,eth0
7.858,0,0,eth0
7.86,0,0,eth0
7.862,0,0,eth0
7.864,10.0,0,eth0
7.866,0,0,eth0
7.868,0,0,eth0
7.87,0,0,eth0
7.872,0,0,eth0
7.874,10.0,0,eth0
7.876,0,0,eth0
7.878,0,0,eth0
7.88,0,0,eth0
7.882,0,0,eth0
7.884,10.0,0,eth0
7.886,0,0,eth0
7.888,0,0,eth0
7.89,0,0,eth0
7.892,0,0,eth0
7.894,10.0,0,eth0
7.896,0,0,eth0
7.898,0,0,eth0
7.9,0,0,eth0
7.902,0,0,eth0
7.904,10.0,0,eth0
7.906,0,0,eth0
7.908,0,0,eth0
7.91,0,0,eth0
7.912,0,0,eth0
7.914,10.0,0,eth0
7.916,0,0,eth0
7.918,0,0,eth0
7.92,0,0,eth0
7.922,0,0,eth0
7.924,10.0,0,eth0
7.926,0,0,eth0
7.928,0,0,eth0
7.93,0,0,eth0
7.932,0,0,eth0
7.934,10.0,0,eth0
7.936,0,0,eth0
7.938,0,0,eth0
7.94,0,0,eth0
7.942,0,0,eth0
7.944,10.0,0,eth0
7.946,0,0,eth0
7.948,0,0,eth0
7.95,0,0,eth0
7.952,0,0,eth0
7.954,10.0,0,eth0
7.956,0,0,eth0
7.958,0,0,eth0
7.96,0,0,eth0
7.962,0,0,eth0
7.964,10.0,0,eth0
7.966,0,0,eth0
7.968,0,0,eth0
7.97,0,0,eth0
7.972,0,0,eth0
7.974,10.0,0,eth0
7.976,0,0,eth0
7.978,0,0,eth0
7.98,0,0,eth0
7.982,0,0,eth0
7.984,10.0,0,eth0
7.986,0,0,eth0
7.988,0,0,eth0
7.99,0,0,eth0
7.992,0,0,eth0
7.994,10.0,0,eth0
7.996,0,0,eth0
7.998,0,0,eth0
8.0,0,0,eth0
8.002,0,0,eth0
8.004,10.0,0,eth0
8.006,0,0,eth0
8.008,0,0,eth0
8.01,0,0,eth0
8.012,0,0,eth0
8.014,10.0,0,eth0
8.016,0,0,eth0
8.018,0,0,eth0
8.02,0,0,eth0
8.022,0,0,eth0
8.024,10.0,0,eth0
8.026,0,0,eth0
8.028,0,0,eth0
8.03,0,0,eth0
8.032,0,0,eth0
8.034,10.0,0,eth0
8.036,0,0,eth0
8.038,0,0,eth0
8.04,0,0,eth0
8.042,0,0,eth0
8.044,10.0,0,eth0
8.046,0,0,eth0
8.048,0,0,eth0
8.05,0,0,eth0
8.052,0,0,eth0
8.054,10.0,0,eth0
8.056,0,0,eth0
8.058,0,0,eth0
8.06,0,0,eth0
8.062,0,0,eth0
8.064,10.0,0,eth0
8.066,0,0,eth0
8.068,0,0,eth0
8.07,0,0,eth0
8.072,0,0,eth0
8.074,10.0,0,eth0
8.076,0,0,eth0
8.078,0,0,eth0
8.08,0,0,eth0
8.082,0,0,eth0
8.084,10.0,0,eth0
8.086,0,0,eth0
8.088,0,0,eth0
8.09,0,0,eth0
8.092,0,0,eth0
8.094,10.0,0,eth0
8.096,0,0,eth0
8.098,0,0,eth0
8.1,0,0,eth0
8.102,0,0,eth0
8.104,10.0,0,eth0
8.106,0,0,eth0
8.108,0,0,eth0
8.11,0,0,eth0
8.112,0,0,eth0
8.114,10.0,0,eth0
8.116,0,0,eth0
8.118,0,0,eth0
8.12,0,0,eth0
8.122,0,0,eth0
8.124,10.0,0,eth0
8.126,0,0,eth0
8.128,0,0,eth0
8.13,0,0,eth0
8.132,0,0,eth0
8.134,10.0,0,eth0
8.136,0,0,eth0
8.138,0,0,eth0
8.14,0,0,eth0
8.142,0,0,eth0
8.144,10.0,0,eth0
8.146,0,0,eth0
8.148,0,0,eth0
8.15,0,0,eth0
8.152,0,0,eth0
8.154,10.0,0,eth0
8.156,0,0,eth0
8.158,0,0,eth0
8.16,0,0,eth0
8.162,0,0,eth0
8.164,10.0,0,eth0
8.166,0,0,eth0
8.168,0,0,eth0
8.17,0,0,eth0
8.172,0,0,eth0
8.174,10.0,0,eth0
8.176,0,0,eth0
8.178,0,0,eth0
8.18,0,0,eth0
8.182,0,0,eth0
8.184,10.0,0,eth0
8.186,0,0,eth0
8.188,0,0,eth0
8.19,0,0,eth0
8.192,0,0,eth0
8.194,10.0,0,eth0
8.196,0,0,eth0
8.198,0,0,eth0
8.2,0,0,eth0
8.202,0,0,eth0
8.204,10.0,0,eth0
8.206,0,0,eth0
8.208,0,0,eth0
8.21,0,0,eth0
8.212,0,0,eth0
8.214,10.0,0,eth0
8.216,0,0,eth0
8.218,0,0,eth0
8.22,0,0,eth0
8.222,0,0,eth0
8.224,10.0,0,eth0
8.226,0,0,eth0
8.228,0,0,eth0
8.23,0,0,eth0
8.232,0,0,eth0
8.234,10.0,0,eth0
8.236,0,0,eth0
8.238,0,0,eth0
8.24,0,0,eth0
8.242,0,0,eth0
8.244,10.0,0,eth0
8.246,0,0,eth0
8.248,0,0,eth0
8.25,0,0,eth0
8.252,0,0,eth0
8.254,10.0,0,eth0
8.256,0,0,eth0
8.258,0,0,eth0
8.26,0,0,eth0
8.262,0,0,eth0
8.264,10.0,0,eth0
8.266,0,0,eth0
8.268,0,0,eth0
8.27,0,0,eth0
8.272,0,0,eth0
8.274,10.0,0,eth0
8.276,0,0,eth0
8.278,0,0,eth0
8.28,0,0,eth0
8.282,0,0,eth0
8.284,10.0,0,eth0
8.286,0,0,eth0
8.288,0,0,eth0
8.29,0,0,eth0
8.292,0,0,eth0
8.294,10.0,0,eth0
8.296,0,0,eth0
8.298,0,0,eth0
8.3,0,0,eth0
8.302,0,0,eth0
8.304,10.0,0,eth0
8.306,0,0,eth0
8.308,0,0,eth0
8.31,0,0,eth0
8.312,0,0,eth0
8.314,10.0,0,eth0
8.316,0,0,eth0
8.318,0,0,eth0
8.32,0,0,eth0
8.322,0,0,eth0
8.324,10.0,0,eth0
8.326,0,0,eth0
8.328,0,0,eth0
8.33,0,0,eth0
8.332,0,0,eth0
8.334,10.0,0,eth0
8.336,0,0,eth0
8.338,0,0,eth0
8.34,0,0,eth0
8.342,0,0,eth0
8.344,10.0,0,eth0
8.346,0,0,eth0
8.348,0,0,eth0
8.35,0,0,eth0
8.352,0,0,eth0
8.354,10.0,0,eth0
8.356,0,0,eth0
8.358,0,0,eth0
8.36,0,0,eth0
8.362,0,0,eth0
8.364,10.0,0,eth0
8.366,0,0,eth0
8.368,0,0,eth0
8.37,0,0,eth0
8.372,0,0,eth0
8.374,10.0,0,eth0
8.376,0,0,eth0
8.378,0,0,eth0
8.38,0,0,eth0
8.382,0,0,eth0
8.384,10.0,0,eth0
8.386,0,0,eth0
8.388,0,0,eth0
8.39,0,0,eth0
8.392,0,0,eth0
8.394,10.0,0,eth0
8.396,0,0,eth0
8.398,0,0,eth0
8.4,0,0,eth0
8.402,0,0,eth0
8.404,10.0,0,eth0
8.406,0,0,eth0
8.408,0,0,eth0
8.41,0,0,eth0
8.412,0,0,eth0
8.414,10.0,0,eth0
8.416,0,0,eth0
8.418,0,0,eth0
8.42,0,0,eth0
8.422,0,0,eth0
8.424,10.0,0,eth0
8.426,0,0,eth0
8.428,0,0,eth0
8.43,0,0,eth0
8.432,0,0,eth0
8.434,10.0,0,eth0
8.436,0,0,eth0
8.438,0,0,eth0
8.44,0,0,eth0
8.442,0,0,eth0
8.444,10.0,0,eth0
8.446,0,0,eth0
8.448,0,0,eth0
8.45,0,0,eth0
8.452,0,0,eth0
8.454,10.0,0,eth0
8.456,0,0,eth0
8.458,0,0,eth0
8.46,0,0,eth0
8.462,0,0,eth0
8.464,10.0,0,eth0
8.466,0,0,eth0
8.468,0,0,eth0
8.47,0,0,eth0
8.472,0,0,eth0
8.474,10.0,0,eth0
8.476,0,0,eth0
8.478,0,0,eth0
8.48,0,0,eth0
8.482,0,0,eth0
8.484,10.0,0,eth0
8.486,0,0,eth0
8.488,0,0,eth0
8.49,0,0,eth0
8.492,0,0,eth0
8.494,10.0,0,eth0
8.496,0,0,eth0
8.498,0,0,eth0
8.5,0,0,eth0
8.502,0,0,eth0
8.504,10.0,0,eth0
8.506,0,0,eth0
8.508,0,0,eth0
8.51,0,0,eth0
8.512,0,0,eth0
8.514,10.0,0,eth0
8.516,0,0,eth0
8.518,0,0,eth0
8.52,0,0,eth0
8.522,0,0,eth0
8.524,10.0,0,eth0
8.526,0,0,eth0
8.528,0,0,eth0
8.53,0,0,eth0
8.532,0,0,eth0
8.534,10.0,0,eth0
8.536,0,0,eth0
8.538,0,0,eth0
8.54,0,0,eth0
8.542,0,0,eth0
8.544,10.0,0,eth0
8.546,0,0,eth0
8.548,0,0,eth0
8.55,0,0,eth0
8.552,0,0,eth0
8.554,10.0,0,eth0
8.556,0,0,eth0
8.558,0,0,eth0
8.56,0,0,eth0
8.562,0,0,eth0
8.564,10.0,0,eth0
8.566,0,0,eth0
8.568,0,0,eth0
8.57,0,0,eth0
8.572,0,0,eth0
8.574,10.0,0,eth0
8.576,0,0,eth0
8.578,0,0,eth0
8.58,0,0,eth0
8.582,0,0,eth0
8.584,10.0,0,eth0
8.586,0,0,eth0
8.588,0,0,eth0
8.59,0,0,eth0
8.592,0,0,eth0
8.594,10.0,0,eth0
8.596,0,0,eth0
8.598,0,0,eth0
8.6,0,0,eth0
8.602,0,0,eth0
8.604,10.0,0,eth0
8.606,0,0,eth0
8.608,0,0,eth0
8.61,0,0,eth0
8.612,0,0,eth0
8.614,10.0,0,eth0
8.616,0,0,eth0
8.618,0,0,eth0
8.62,0,0,eth0
8.622,0,0,eth0
8.624,10.0,0,eth0
8.626,0,0,eth0
8.628,0,0,eth0
8.63,0,0,eth0
8.632,0,0,eth0
8.634,10.0,0,eth0
8.636,0,0,eth0
8.638,0,0,eth0
8.64,0,0,eth0
8.642,0,0,eth0
8.644,10.0,0,eth0
8.646,0,0,eth0
8.648,0,0,eth0
8.65,0,0,eth0
8.652,0,0,eth0
8.654,10.0,0,eth0
8.656,0,0,eth0
8.658,0,0,eth0
8.66,0,0,eth0
8.662,0,0,eth0
8.664,10.0,0,eth0
8.666,0,0,eth0
8.668,0,0,eth0
8.67,0,0,eth0
8.672,0,0,eth0
8.674,10.0,0,eth0
8.676,0,0,eth0
8.678,0,0,eth0
8.68,0,0,eth0
8.682,0,0,eth0
8.684,10.0,0,eth0
8.686,0,0,eth0
8.688,0,0,eth0
8.69,0,0,eth0
8.692,0,0,eth0
8.694,10.0,0,eth0
8.696,0,0,eth0
8.698,0,0,eth0
8.7,0,0,eth0
8.702,0,0,eth0
8.704,10.0,0,eth0
8.706,0,0,eth0
8.708,0,0,eth0
8.71,0,0,eth0
8.712,0,0,eth0
8.714,10.0,0,eth0
8.716,0,0,eth0
8.718,0,0,eth0
8.72,0,0,eth0
8.722,0,0,eth0
8.724,10.0,0,eth0
8.726,0,0,eth0
8.728,0,0,eth0
8.73,0,0,eth0
8.732,0,0,eth0
8.734,10.0,0,eth0
8.736,0,0,eth0
8.738,0,0,eth0
8.74,0,0,eth0
8.742,0,0,eth0
8.744,10.0,0,eth0
8.746,0,0,eth0
8.748,0,0,eth0
8.75,0,0,eth0
8.752,0,0,eth0
8.754,10.0,0,eth0
8.756,0,0,eth0
8.758,0,0,eth0
8.76,0,0,eth0
8.762,0,0,eth0
8.764,10.0,0,eth0
8.766,0,0,eth0
8.768,0,0,eth0
8.77,0,0,eth0
8.772,0,0,eth0
8.774,10.0,0,eth0
8.776,0,0,eth0
8.778,0,0,eth0
8.78,0,0,eth0
8.782,0,0,eth0
8.784,10.0,0,eth0
8.786,0,0,eth0
8.788,0,0,eth0
8.79,0,0,eth0
8.792,0,0,eth0
8.794,10.0,0,eth0
8.796,0,0,eth0
8.798,0,0,eth0
8.8,0,0,eth0
8.802,0,0,eth0
8.804,10.0,0,eth0
8.806,0,0,eth0
8.808,0,0,eth0
8.81,0,0,eth0
8.812,0,0,eth0
8.814,10.0,0,eth0
8.816,0,0,eth0
8.818,0,0,eth0
8.82,0,0,eth0
8.822,0,0,eth0
8.824,10.0,0,eth0
8.826,0,0,eth0
8.828,0,0,eth0
8.83,0,0,eth0
8.832,0,0,eth0
8.834,10.0,0,eth0
8.836,0,0,eth0
8.838,0,0,eth0
8.84,0,0,eth0
8.842,0,0,eth0
8.844,10.0,0,eth0
8.846,0,0,eth0
8.848,0,0,eth0
8.85,0,0,eth0
8.852,0,0,eth0
8.854,10.0,0,eth0
8.856,0,0,eth0
8.858,0,0,eth0
8.86,0,0,eth0
8.862,0,0,eth0
8.864,10.0,0,eth0
8.866,0,0,eth0
8.868,0,0,eth0
8.87,0,0,eth0
8.872,0,0,eth0
8.874,10.0,0,eth0
8.876,0,0,eth0
8.878,0,0,eth0
8.88,0,0,eth0
8.882,0,0,eth0
8.884,10.0,0,eth0
8.886,0,0,eth0
8.888,0,0,eth0
8.89,0,0,eth0
8.892,0,0,eth0
8.894,10.0,0,eth0
8.896,0,0,eth0
8.898,0,0,eth0
8.9,0,0,eth0
8.902,0,0,eth0
8.904,10.0,0,eth0
8.906,0,0,eth0
8.908,0,0,eth0
8.91,0,0,eth0
8.912,0,0,eth0
8.914,10.0,0,eth0
8.916,0,0,eth0
8.918,0,0,eth0
8.92,0,0,eth0
8.922,0,0,eth0
8.924,10.0,0,eth0
8.926,0,0,eth0
8.928,0,0,eth0
8.93,0,0,eth0
8.932,0,0,eth0
8.934,10.0,0,eth0
8.936,0,0,eth0
8.938,0,0,eth0
8.94,0,0,eth0
8.942,0,0,eth0
8.944,10.0,0,eth0
8.946,0,0,eth0
8.948,0,0,eth0
8.95,0,0,eth0
8.952,0,0,eth0
8.954,10.0,0,eth0
8.956,0,0,eth0
8.958,0,0,eth0
8.96,0,0,eth0
8.962,0,0,eth0
8.964,10.0,0,eth0
8.966,0,0,eth0
8.968,0,0,eth0
8.97,0,0,eth0
8.972,0,0,eth0
8.974,10.0,0,eth0
8.976,0,0,eth0
8.978,0,0,eth0
8.98,0,0,eth0
8.982,0,0,eth0
8.984,10.0,0,eth0
8.986,0,0,eth0
8.988,0,0,eth0
8.99,0,0,eth0
8.992,0,0,eth0
8.994,10.0,0,eth0
8.996,0,0,eth0
8.998,0,0,eth0
9.0,0,0,eth0
9.002,0,0,eth0
9.004,10.0,0,eth0
9.006,0,0,eth0
9.008,0,0,eth0
9.01,0,0,eth0
9.012,0,0,eth0
9.014,10.0,0,eth0
9.016,0,0,eth0
9.018,0,0,eth0
9.02,0,0,eth0
9.022,0,0,eth0
9.024,10.0,0,eth0
9.026,0,0,eth0
9.028,0,0,eth0
9.03,0,0,eth0
9.032,0,0,eth0
9.034,10.0,0,eth0
9.036,0,0,eth0
9.038,0,0,eth0
9.04,0,0,eth0
9.042,0,0,eth0
9.044,10.0,0,eth0
9.046,0,0,eth0
9.048,0,0,eth0
9.05,0,0,eth0
9.052,0,0,eth0
9.054,10.0,0,eth0
9.056,0,0,eth0
9.058,0,0,eth0
9.06,0,0,eth0
9.062,0,0,eth0
9.064,10.0,0,eth0
9.066,0,0,eth0
9.068,0,0,eth0
9.07,0,0,eth0
9.072,0,0,eth0
9.074,10.0,0,eth0
9.076,0,0,eth0
9.078,0,0,eth0
9.08,0,0,eth0
9.082,0,0,eth0
9.084,10.0,0,eth0
9.086,0,0,eth0
9.088,0,0,eth0
9.09,0,0,eth0
9.092,0,0,eth0
9.094,10.0,0,eth0
9.096,0,0,eth0
9.098,0,0,eth0
9.1,0,0,eth0
9.102,0,0,eth0
9.104,10.0,0,eth0
9.106,0,0,eth0
9.108,0,0,eth0
9.11,0,0,eth0
9.112,0,0,eth0
9.114,10.0,0,eth0
9.116,0,0,eth0
9.118,0,0,eth0
9.12,0,0,eth0
9.122,0,0,eth0
9.124,10.0,0,eth0
9.126,0,0,eth0
9.128,0,0,eth0
9.13,0,0,eth0
9.132,0,0,eth0
9.134,10.0,0,eth0
9.136,0,0,eth0
9.138,0,0,eth0
9.14,0,0,eth0
9.142,0,0,eth0
9.144,10.0,0,eth0
9.146,0,0,eth0
9.148,0,0,eth0
9.15,0,0,eth0
9.152,0,0,eth0
9.154,10.0,0,eth0
9.156,0,0,eth0
9.158,0,0,eth0
9.16,0,0,eth0
9.162,0,0,eth0
9.164,10.0,0,eth0
9.166,0,0,eth0
9.168,0,0,eth0
9.17,0,0,eth0
9.172,0,0,eth0
9.174,10.0,0,eth0
9.176,0,0,eth0
9.178,0,0,eth0
9.18,0,0,eth0
9.182,0,0,eth0
9.184,10.0,0,eth0
9.186,0,0,eth0
9.188,0,0,eth0
9.19,0,0,eth0
9.192,0,0,eth0
9.194,10.0,0,eth0
9.196,0,0,eth0
9.198,0,0,eth0
9.2,0,0,eth0
9.202,0,0,eth0
9.204,10.0,0,eth0
9.206,0,0,eth0
9.208,0,0,eth0
9.21,0,0,eth0
9.212,0,0,eth0
9.214,10.0,0,eth0
9.216,0,0,eth0
9.218,0,0,eth0
9.22,0,0,eth0
9.222,0,0,eth0
9.224,10.0,0,eth0
9.226,0,0,eth0
9.228,0,0,eth0
9.23,0,0,eth0
9.232,0,0,eth0
9.234,10.0,0,eth0
9.236,0,0,eth0
9.238,0,0,eth0
9.24,0,0,eth0
9.242,0,0,eth0
9.244,10.0,0,eth0
9.246,0,0,eth0
9.248,0,0,eth0
9.25,0,0,eth0
9.252,0,0,eth0
9.254,10.0,0,eth0
9.256,0,0,eth0
9.258,0,0,eth0
9.26,0,0,eth0
9.262,0,0,eth0
9.264,10.0,0,eth0
9.266,0,0,eth0
9.268,0,0,eth0
9.27,0,0,eth0
9.272,0,0,eth0
9.274,10.0,0,eth0
9.276,0,0,eth0
9.278,0,0,eth0
9.28,0,0,eth0
9.282,0,0,eth0
9.284,10.0,0,eth0
9.286,0,0,eth0
9.288,0,0,eth0
9.29,0,0,eth0
9.292,0,0,eth0
9.294,10.0,0,eth0
9.296,0,0,eth0
9.298,0,0,eth0
9.3,0,0,eth0
9.302,0,0,eth0
9.304,10.0,0,eth0
9.306,0,0,eth0
9.308,0,0,eth0
9.31,0,0,eth0
9.312,0,0,eth0
9.314,10.0,0,eth0
9.316,0,0,eth0
9.318,0,0,eth0
9.32,0,0,eth0
9.322,0,0,eth0
9.324,10.0,0,eth0
9.326,0,0,eth0
9.328,0,0,eth0
9.33,0,0,eth0
9.332,0,0,eth0
9.334,10.0,0,eth0
9.336,0,0,eth0
9.338,0,0,eth0
9.34,0,0,eth0
9.342,0,0,eth0
9.344,10.0,0,eth0
9.346,0,0,eth0
9.348,0,0,eth0
9.35,0,0,eth0
9.352,0,0,eth0
9.354,10.0,0,eth0
9.356,0,0,eth0
9.358,0,0,eth0
9.36,0,0,eth0
9.362,0,0,eth0
9.364,10.0,0,eth0
9.366,0,0,eth0
9.368,0,0,eth0
9.37,0,0,eth0
9.372,0,0,eth0
9.374,10.0,0,eth0
9.376,0,0,eth0
9.378,0,0,eth0
9.38,0,0,eth0
9.382,0,0,eth0
9.384,10.0,0,eth0
9.386,0,0,eth0
9.388,0,0,eth0
9.39,0,0,eth0
9.392,0,0,eth0
9.394,10.0,0,eth0
9.396,0,0,eth0
9.398,0,0,eth0
9.4,0,0,eth0
9.402,0,0,eth0
9.404,10.0,0,eth0
9.406,0,0,eth0
9.408,0,0,eth0
9.41,0,0,eth0
9.412,0,0,eth0
9.414,10.0,0,eth0
9.416,0,0,eth0
9.418,0,0,eth0
9.42,0,0,eth0
9.422,0,0,eth0
9.424,10.0,0,eth0
9.426,0,0,eth0
9.428,0,0,eth0
9.43,0,0,eth0
9.432,0,0,eth0
9.434,10.0,0,eth0
9.436,0,0,eth0
9.438,0,0,eth0
9.44,0,0,eth0
9.442,0,0,eth0
9.444,10.0,0,eth0
9.446,0,0,eth0
9.448,0,0,eth0
9.45,0,0,eth0
9.452,0,0,eth0
9.454,10.0,0,eth0
9.456,0,0,eth0
9.458,0,0,eth0
9.46,0,0,eth0
9.462,0,0,eth0
9.464,10.0,0,eth0
9.466,0,0,eth0
9.468,0,0,eth0
9.47,0,0,eth0
9.472,0,0,eth0
9.474,10.0,0,eth0
9.476,0,0,eth0
9.478,0,0,eth0
9.48,0,0,eth0
9.482,0,0,eth0
9.484,10.0,0,eth0
9.486,0,0,eth0
9.488,0,0,eth0
9.49,0,0,eth0
9.492,0,0,eth0
9.494,10.0,0,eth0
9.496,0,0,eth0
9.498,0,0,eth0
9.5,0,0,eth0
9.502,0,0,eth0
9.504,10.0,0,eth0
9.506,0,0,eth0
9.508,0,0,eth0
9.51,0,0,eth0
9.512,0,0,eth0
9.514,10.0,0,eth0
9.516,0,0,eth0
9.518,0,0,eth0
9.52,0,0,eth0
9.522,0,0,eth0
9.524,10.0,0,eth0
9.526,0,0,eth0
9.528,0,0,eth0
9.53,0,0,eth0
9.532,0,0,eth0
9.534,10.0,0,eth0
9.536,0,0,eth0
9.538,0,0,eth0
9.54,0,0,eth0
9.542,0,0,eth0
9.544,10.0,0,eth0
9.546,0,0,eth0
9.548,0,0,eth0
9.55,0,0,eth0
9.552,0,0,eth0
9.554,10.0,0,eth0
9.556,0,0,eth0
9.558,0,0,eth0
9.56,0,0,eth0
9.562,0,0,eth0
9.564,10.0,0,eth0
9.566,0,0,eth0
9.568,0,0,eth0
9.57,0,0,eth0
9.572,0,0,eth0
9.574,10.0,0,eth0
9.576,0,0,eth0
9.578,0,0,eth0
9.58,0,0,eth0
9.582,0,0,eth0
9.584,10.0,0,eth0
9.586,0,0,eth0
9.588,0,0,eth0
9.59,0,0,eth0
9.592,0,0,eth0
9.594,10.0,0,eth0
9.596,0,0,eth0
9.598,0,0,eth0
9.6,0,0,eth0
9.602,0,0,eth0
9.604,10.0,0,eth0
9.606,0,0,eth0
9.608,0,0,eth0
9.61,0,0,eth0
9.612,0,0,eth0
9.614,10.0,0,eth0
9.616,0,0,eth0
9.618,0,0,eth0
9.62,0,0,eth0
9.622,0,0,eth0
9.624,10.0,0,eth0
9.626,0,0,eth0
9.628,0,0,eth0
9.63,0,0,eth0
9.632,0,0,eth0
9.634,10.0,0,eth0
9.636,0,0,eth0
9.638,0,0,eth0
9.64,0,0,eth0
9.642,0,0,eth0
9.644,10.0,0,eth0
9.646,0,0,eth0
9.648,0,0,eth0
9.65,0,0,eth0
9.652,0,0,eth0
9.654,10.0,0,eth0
9.656,0,0,eth0
9.658,0,0,eth0
9.66,0,0,eth0
9.662,0,0,eth0
9.664,10.0,0,eth0
9.666,0,0,eth0
9.668,0,0,eth0
9.67,0,0,eth0
9.672,0,0,eth0
9.674,10.0,0,eth0
9.676,0,0,eth0
9.678,0,0,eth0
9.68,0,0,eth0
9.682,0,0,eth0
9.684,10.0,0,eth0
9.686,0,0,eth0
9.688,0,0,eth0
9.69,0,0,eth0
9.692,0,0,eth0
9.694,10.0,0,eth0
9.696,0,0,eth0
9.698,0,0,eth0
9.7,0,0,eth0
9.702,0,0,eth0
9.704,10.0,0,eth0
9.706,0,0,eth0
9.708,0,0,eth0
9.71,0,0,eth0
9.712,0,0,eth0
9.714,10.0,0,eth0
9.716,0,0,eth0
9.718,0,0,eth0
9.72,0,0,eth0
9.722,0,0,eth0
9.724,10.0,0,eth0
9.726,0,0,eth0
9.728,0,0,eth0
9.73,0,0,eth0
9.732,0,0,eth0
9.734,10.0,0,eth0
9.736,0,0,eth0
9.738,0,0,eth0
9.74,0,0,eth0
9.742,0,0,eth0
9.744,10.0,0,eth0
9.746,0,0,eth0
9.748,0,0,eth0
9.75,0,0,eth0
9.752,0,0,eth0
9.754,10.0,0,eth0
9.756,0,0,eth0
9.758,0,0,eth0
9.76,0,0,eth0
9.762,0,0,eth0
9.764,10.0,0,eth0
9.766,0,0,eth0
9.768,0,0,eth0
9.77,0,0,eth0
9.772,0,0,eth0
9.774,10.0,0,eth0
9.776,0,0,eth0
9.778,0,0,eth0
9.78,0,0,eth0
9.782,0,0,eth0
9.784,10.0,0,eth0
9.786,0,0,eth0
9.788,0,0,eth0
9.79,0,0,eth0
9.792,0,0,eth0
9.794,10.0,0,eth0
9.796,0,0,eth0
9.798,0,0,eth0
9.8,0,0,eth0
9.802,0,0,eth0
9.804,10.0,0,eth0
9.806,0,0,eth0
9.808,0,0,eth0
9.81,0,0,eth0
9.812,0,0,eth0
9.814,10.0,0,eth0
9.816,0,0,eth0
9.818,0,0,eth0
9.82,0,0,eth0
9.822,0,0,eth0
9.824,10.0,0,eth0
9.826,0,0,eth0
9.828,0,0,eth0
9.83,0,0,eth0
9.832,0,0,eth0
9.834,10.0,0,eth0
9.836,0,0,eth0
9.838,0,0,eth0
9.84,0,0,eth0
9.842,0,0,eth0
9.844,10.0,0,eth0
9.846,0,0,eth0
9.848,0,0,eth0
9.85,0,0,eth0
9.852,0,0,eth0
9.854,10.0,0,eth0
9.856,0,0,eth0
9.858,0,0,eth0
9.86,0,0,eth0
9.862,0,0,eth0
9.864,10.0,0,eth0
9.866,0,0,eth0
9.868,0,0,eth0
9.87,0,0,eth0
9.872,0,0,eth0
9.874,10.0,0,eth0
9.876,0,0,eth0
9.878,0,0,eth0
9.88,0,0,eth0
9.882,0,0,eth0
9.884,10.0,0,eth0
9.886,0,0,eth0
9.888,0,0,eth0
9.89,0,0,eth0
9.892,0,0,eth0
9.894,10.0,0,eth0
9.896,0,0,eth0
9.898,0,0,eth0
9.9,0,0,eth0
9.902,0,0,eth0
9.904,10.0,0,eth0
9.906,0,0,eth0
9.908,0,0,eth0
9.91,0,0,eth0
9.912,0,0,eth0
9.914,10.0,0,eth0
9.916,0,0,eth0
9.918,0,0,eth0
9.92,0,0,eth0
9.922,0,0,eth0
9.924,10.0,0,eth0
9.926,0,0,eth0
9.928,0,0,eth0
9.93,0,0,eth0
9.932,0,0,eth0
9.934,10.0,0,eth0
9.936,0,0,eth0
9.938,0,0,eth0
9.94,0,0,eth0
9.942,0,0,eth0
9.944,10.0,0,eth0
9.946,0,0,eth0
9.948,0,0,eth0
9.95,0,0,eth0
9.952,0,0,eth0
9.954,10.0,0,eth0
9.956,0,0,eth0
9.958,0,0,eth0
9.96,0,0,eth0
9.962,0,0,eth0
9.964,10.0,0,eth0
9.966,0,0,eth0
9.968,0,0,eth0
9.97,0,0,eth0
9.972,0,0,eth0
9.974,10.0,0,eth0
9.976,0,0,eth0
9.978,0,0,eth0
9.98,0,0,eth0
9.982,0,0,eth0
9.984,10.0,0,eth0
9.986,0,0,eth0
9.988,0,0,eth0
9.99,0,0,eth0
9.992,0,0,eth0
9.994,10.0,0,eth0
9.996,0,0,eth0
9.998,0,0,eth0
